DATE,MONTH,BASEL_precipitation,BUDAPEST_precipitation,DE_BILT_precipitation,DRESDEN_precipitation,DUSSELDORF_precipitation,HEATHROW_precipitation,KASSEL_precipitation,LJUBLJANA_precipitation,MAASTRICHT_precipitation,MALMO_precipitation,MONTELIMAR_precipitation,MUENCHEN_precipitation,OSLO_precipitation,PERPIGNAN_precipitation,SONNBLICK_precipitation,STOCKHOLM_precipitation,TOURS_precipitation
20000601,6,0,0,0.08,0,0,0,0,0,0,0.4,0,0,1.19,0,0,0.3,0.02
20000602,6,0,0,0,0,0,0,0,0,0,0,0,0,0.05,0,0,0.56,0
20000603,6,0.38,0,1.14,0,1.58,0,4.13,0,1.02,0,0,0.06,0,0,2.15,0,0.06
20000604,6,0.38,0,0.02,0,0,0,0.37,0,0,0.05,0,1.19,0,0,0.7,0,1.42
20000605,6,4.11,0,0.57,0.19,2.28,0,1.15,0,1.24,0.2,0,0.67,0,1,0.17,0,0.84
20000606,6,0.1,0,1.83,0,0.15,0,0.36,0.02,0.02,0.84,0,0.83,0,0,1.12,0.4,0
20000607,6,0,0,0.02,0.5,0,0,0.16,1.34,0,0.21,0,0,0.07,0,0,1.5,0
20000608,6,0,0,0,0,0,0.02,0,0,0,0,0,0,0,0,0,0.09,0
20000609,6,0.24,0,0,0,0.32,0.42,0,0,0,0,0,0,0,0.12,0,0,0.94
20000610,6,0,0,0,0,0,0,0,0,0,0,1.64,0,0.71,4.36,0.01,0,0
20000611,6,0,0,0,0.73,0,0,0.71,0,0,0,0.02,0,0,0.36,0.05,0,0
20000612,6,0,0,0,0,0,0,0,2.87,0,0,0,0,0,0.02,0.03,0.46,0.02
20000613,6,0.35,0,0,0.35,0,0,0,0.01,0,0,2.16,0.31,0.35,0.26,0.41,0,0
20000614,6,0,0,0.41,0,0.02,0,0.05,0,0,0,0.18,0.01,0.01,1.22,0.82,0,0.02
20000615,6,0.08,0,0.01,0.18,0.08,0,0.1,0.19,0.23,0,0,0.11,0,0,1.71,0.05,0
20000616,6,0,0,0,0,0,0,0,0,0,0,0,0,0.01,0,0.65,0.31,0
20000617,6,0,0,0,0,0,0,0,0,0,0,0,0,0.04,0,0,0,0
20000618,6,0,0,0,0,0,0,0,0,0,0,0,0,0.03,0,0,0,0
20000619,6,0,0,0,0,0,0,0,0,0,0,0,0,0,0,0,0,0
20000620,6,0,0,0,0,0,0.38,0,0,0,0,0,0,0,0,0.38,0,0
20000621,6,0,0,0.1,0.01,0.98,0,0,0,0.38,0.81,0,0,0.42,0,1.73,0,0
20000622,6,0.45,0,0.34,0.04,0,0.24,0.1,0,0.01,0.05,2.84,2.61,0.2,0.02,0.08,0.38,0
20000623,6,0,0,0.59,0.35,0.64,0,0.69,0.67,0.04,0.04,0,0.35,2.73,0,3.1,0,0.04
20000624,6,0.46,0.21,0.83,0.26,0.26,0,0.36,2.06,0.54,0.37,0,0.31,0.26,0,2.12,0,0.06
20000625,6,0,0.26,0.08,0.38,0.5,0,0.11,0.89,0.35,0.73,0,0,0.11,0,1.19,0.1,0.04
20000626,6,0,0,0,0,0,0,0,0,0,0.09,0,0,0.24,0.02,0,0,0
20000627,6,0,0,0,0.04,0,0,0.01,0,0,0,0,0,0.08,0,0,0,0
20000628,6,0.19,0,0,0,0,0,0,0.25,0,0,0,0,0.13,0,0.43,0,0
20000629,6,0,0,0,0,0,0.82,0,0.33,0,0.04,0,0,0.76,0,0.68,3.58,0
20000630,6,0,0.28,0,0,0,0.04,0.01,0.22,0.01,0.49,0,0,0.43,0,0,0,0
20000701,7,0.25,0,0.27,0.03,0.8,0.02,0.05,0,0.13,0,0.08,0.48,0.15,0,0.45,0.03,0
20000702,7,0.79,0,0,0.18,2.73,0.02,1.6,0,1.6,0,0,1.51,0.18,0,0.23,0.07,0.42
20000703,7,0.91,0.2,0.36,0,0.02,0,0.12,0,0.06,0,0.96,0.77,0,0,0.24,0,0.66
20000704,7,0.6,0,0.67,0.36,1,1.7,1.17,0,1.87,0,0,0.05,0,0,1.54,0,0.42
20000705,7,0,0,0.75,0.8,0.02,0,0.21,0,0.27,0,0,0,0,0,0.54,0.22,0
20000706,7,0.26,0,0,0,0,0.04,0,0,0,0,0,0.17,0.01,0,0,0,0
20000707,7,0.32,0.15,0,2.3,0.03,0,0.17,0,1.39,0,0,0.6,0.3,0,0.93,0.03,0.04
20000708,7,0.07,0.02,0.12,0.24,0.06,0.06,0,5.94,0.2,0,0,0.02,0,0,1.62,0.21,0.02
20000709,7,1.24,0.24,0.71,0.04,0.61,0.9,0.7,0.01,0.64,0,0,0.49,0.13,0,0.29,0.15,2.98
20000710,7,0.25,0,0.76,0.68,0.74,1.04,0.32,2.27,0.24,1.7,0.96,0.89,1.57,0.46,0.88,0.57,0.58
20000711,7,0.12,0.27,0.26,0.02,0.77,0,0.02,1.04,3.59,0,0,0.42,0.79,0,2.67,0.58,1.02
20000712,7,0.61,0.12,0,0,0.01,0.42,0,0,0.18,0,0,0.45,0,0,1.45,0.78,0.04
20000713,7,0.59,0,0.91,0.03,0.25,0.48,0.18,0,0.18,0,0,0.62,0.01,0,0.03,2.02,0.04
20000714,7,1.09,0.06,0.77,0.38,1.07,0,0.22,1.9,1.11,0,0.02,1.05,0.14,0,2.31,0.02,0.04
20000715,7,0.64,1.89,0.86,0,0.21,0,0.44,2.07,0.48,0,0,0.45,0,0,1.04,0.82,0
20000716,7,1.17,0,0,0.34,1.69,0,0.02,0.23,1.05,0,0,0.39,0.49,0,0.86,0.01,0
20000717,7,0,0,0.03,0.31,0,0,0,0.01,0,0,0,0.06,0,0,1.25,0,0.02
20000718,7,0,0,0,0,0.15,0,0,0,0,0,0,0,0.88,0,0,0.04,0
20000719,7,0,0,0.01,0.2,0.04,0,0.04,0.23,0.05,0,0,0.09,0,0,0.19,0.05,0
20000720,7,0,0,0,0,0,0,0,0,0,0,0,0,0,0,0.03,0.26,0
20000721,7,0,0,0,0,0,0,0,0,0,0.99,0,0,0,0,0,0,0
20000722,7,0,0,0,0.08,0,0,0,0,0,0.09,0,0,0,0,0.56,0.3,0
20000723,7,0.14,0,0,0,0,0,0,0,0,0,1.38,0.18,0.13,0.28,0.44,0.67,0.6
20000724,7,0.78,0,0,0,1.71,0,0.75,0,1.16,0,0.12,0.97,0.23,0,0.31,0,0
20000725,7,0.5,0,0.03,0.04,0.06,0,1.32,0,1.51,0,1.62,0.25,0.36,0.08,0.18,1.93,0.6
20000726,7,0.02,0,0,0.1,0,0,0,0,0,0,0,0.69,1.16,0,0.85,1.97,0.48
20000727,7,0.65,0,0.58,0,0.55,0,1.4,0,0.98,0,0.16,0.05,0.11,0,0.6,0.13,0.1
20000728,7,0.34,1.39,0,0.03,0.6,0.58,0.06,1.45,1.38,0,0,1.19,0,0,2.56,0.02,0
20000729,7,2.53,0,2.77,0.39,0.83,0.02,0.61,0.41,0.11,0,0,0.29,0,0,2.33,0,0
20000730,7,0,0,0,0.09,0,0,0.76,0.02,0.03,0,0,2.07,0,0,0.88,0,0.02
20000731,7,0,0,0,0,0,0,0,0,0,0,0,0,0,0,0,0,0
20000801,8,0,0,0.39,0,0,0,0,0,0,0.28,0,0,0,0.2,0,0,0
20000802,8,0.16,0,0,0.05,0,0.42,0.05,0,0.11,0.37,1.3,0.02,2.7,0,0.01,0.53,0
20000803,8,0,0,0.72,0.01,0.04,0.58,0.08,0,0,0,0.24,1.08,0.4,0.06,1.28,0,0.06
20000804,8,0,0,0,0,0.03,0,0.38,0.32,0.02,0,0,0.08,0.03,0,1.33,0,0.28
20000805,8,1.16,0,0,0,0,0,0,2.97,0,0,0.02,2.97,0,0,2.69,0,0.02
20000806,8,0,0.2,0,0.09,0.02,0,0.16,0.02,0,0.05,0,5.86,0,0,1.05,0,0
20000807,8,0,0,0,0.16,0.04,0,0.07,0,0,0,0,0.18,0,0,0.93,0,0
20000808,8,0,0,0.12,0,0,0.56,0.51,0,0.24,0,0,0.08,0,0,0.33,0.02,0
20000809,8,0,0,0,0,0,0,0,0,0,0,0,0,0,0,0,0,0
20000810,8,0,0,0.06,0.2,0,0,0.28,0,0,0.14,0,0,1.24,0,0,0,0.02
20000811,8,0,0,0,0,0,0,0,0,0,0.45,0,0,0.33,0,0,0,0
20000812,8,0,0,0,0,0,0,0,0,0,0,0,0,0,0.02,0,0.04,0
20000813,8,0,0,0,0,0,0.1,0,0.03,0,0,0,0,0,0,0.01,0,0
20000814,8,0,0,0.23,0,0,0,0,0,0.06,0,0,0,1.14,0,0,0.1,0
20000815,8,0,0,0,0,0.12,0,0.73,0,0.1,0,0,0.36,0,0,0,0.05,0
20000816,8,0,0,0,0,0.84,0.01,0,0,0.59,0,0,0,0,0,0.63,0,0
20000817,8,1,0,0.02,0.11,0.01,0.24,0,0,0.3,0,0,0.29,1.35,0,1.78,0.03,0
20000818,8,0.18,0,0.04,0,0.92,0.06,2.61,0,0.36,0,0,0.27,0,0,0,0.02,0
20000819,8,0,0,0.28,0,0.12,0,1.17,0,0.5,0.05,0,0,1.9,0,0,0,1.08
20000820,8,1.24,0,1.16,2.34,1.02,0,0.85,0,1.47,0.8,0,0,2.14,0,0,0.18,0.62
20000821,8,1.57,0,0.22,1.69,0.01,0,0.01,0,0.38,0.24,1.42,1.77,0.53,0,0,0,0.02
20000822,8,0,0,0,0,0,0,0,0,0,0,0,0,0,0,0,0,0
20000823,8,0,0,0,0,0,0,0,0,0,0,0,0,0.03,0,0,0.03,0
20000824,8,0,0,0,0,0,0,0,0,0,0.3,0,0,0.4,0,0,0.15,0
20000825,8,0,0,0,0,0,0.22,0,0,0,0,0,0,0,0,0,0,0
20000826,8,0.85,0,0,0,0.86,0.38,0,0,0,0,0.04,0,0,0,0,0,0.38
20000827,8,0.28,0,0.65,0,3.34,0.38,0.2,0,0.82,0,0,0.2,0,0,1.76,0,0
20000828,8,0,0,0.45,0.01,0.32,0.12,0.02,0.01,0,0.27,0,0.01,0.61,0,1.05,0,0
20000829,8,0,0,0,0,0,0,0,0,0,0.25,0.28,0,1.2,0.06,0,0.81,0
20000830,8,0.74,0.05,0,0.15,0,0,0,0.05,0,0,0.36,0.05,0.75,0.1,0.87,0,3.8
20000831,8,2.62,0.16,0,0,0,0.16,0,3.88,0,0,0.04,4.07,0.36,0,1.5,0.52,0
20000901,9,0.16,0.26,0.44,0.61,0.83,0.46,0.41,0,0.35,1.85,0,0.03,0,0,0.12,0,0.38
20000902,9,0.68,0.74,0.62,0.23,2.12,0.08,1.03,2.69,0.82,3,0,0.06,0,0,0.57,0.63,0.36
20000903,9,1.22,0,0.43,1.57,0.16,0,0.11,0.22,0.01,0.06,0,0.84,0,0,0.81,0.84,0.28
20000904,9,0.01,0,0.03,0.15,0.27,0,0,0.38,0.08,0,0,0.5,0,0,1.57,0,0
20000905,9,0,0,0.02,0,0.05,0.04,0,0,0,0,0,0,0,0,1.11,0,0
20000906,9,0.52,0,0.28,1.02,0.68,0.08,1.05,0.45,0.51,0.3,0,0.93,1.58,0,1.02,0,0.02
20000907,9,0,0.15,0,0.12,0.01,0,0.1,0.13,0,0.03,0,0.74,1.31,0,3.01,0.17,0
20000908,9,0,0,0.07,0,0.06,0.44,0,0,0,0,0,0,0,0,0,0.05,0
20000909,9,0,0,0.78,0,0.01,0.02,0,0,0,0,0,0,0,0,0,0,0
20000910,9,0,0,0,0,0,0,0,0,0,0,0,0,0,0,0,0,0
20000911,9,0,0,0,0,0,0,0,0,0,0,0,0,0,0,0,0,0
20000912,9,0.08,0,0,0,0,0,0.01,0,0,1.71,0.14,0,0,0.32,0,0,0
20000913,9,0,0,0,0.02,0.04,0,0,0,0,0,0,0.75,0,0,0.48,0,0
20000914,9,0,0,0,0,0,1.1,0,0,0,0,0,0,0,0.02,0,0.04,0
20000915,9,0,0,1.93,0,0.82,1.96,0.83,0,1.14,0,0.02,0,0,0.04,0,0,0.06
20000916,9,0,0.63,0.04,0.44,0.71,0,0.34,2.86,3.59,0,0,1.21,0,0,1.26,0,0.02
20000917,9,0,0,0.43,0.11,0.25,0,0,0.02,0.41,0,0,0.14,0,0,0.23,0,0.02
20000918,9,0,0,0,0,0,1.38,0,0.39,0,0,0,0,0,0,0,0,0.32
20000919,9,0.03,0.11,0,0,0,1.64,0,0.78,0,0,3.62,0,0,0.2,0.08,0,1.26
20000920,9,1.8,0,0.17,0,2.35,0.04,0.05,0.49,0.75,0,1.96,3.34,0,0,2.43,0,0.04
20000921,9,0,0.13,0.01,0.75,0.2,0.1,0.57,0.15,0,0,0,6.49,0,0,1.63,0,0.02
20000922,9,0,0,0,0,0,0,0,0,0,0,0,0.05,0,0,0,0,0
20000923,9,0,0.17,0,0,0,0,0,0,0,0,0,0,0,0,0,0,0
20000924,9,0,0,0.06,0,0.35,1.1,0,0,0,0,0.02,0,0,0,0,0,0.02
20000925,9,0,0,0.03,0,0.01,0.68,0.73,0,0,0,0,0,0,0,0,0,0.02
20000926,9,0,0,0.65,0,0,0.04,0,0,0,0,0.02,0,0,0,0,0,0
20000927,9,0,0,0.31,0.01,0.13,0.54,0.04,0,0,0.67,0.32,0,1.55,0,0,0.1,0.38
20000928,9,0,0,0.33,0,0.02,0.34,0.13,0,0.39,0,0.28,0,0.54,0.08,0,0,0.56
20000929,9,0,0,0.01,0,0,0,0,0.03,0,0,2.9,0,0.1,0.02,0,0,0.02
20000930,9,0.94,0,0.23,0,0.51,0.54,0,1.52,0.5,0.02,0,0.02,0,0,0.57,0,0.04
20010601,6,0,0,0.25,0.09,0.42,0,0.47,0.16,0.11,0.17,0,0,0,0,1.45,0.03,0
20010602,6,1.75,0,1.59,0.37,1.51,0.06,1.02,0,0.67,0.4,0,0.77,0,0,0.87,0,0.02
20010603,6,1.06,2.49,0.15,0.64,0.3,0,0.35,1.61,0.13,0.22,0.04,0.15,0,0,2.22,0,0
20010604,6,0,0,0,0.64,0,0,0.07,0,0,0.04,0,0,0,0,0.18,0,0
20010605,6,0.27,0,0,0,0.1,0.02,0.01,0,0,0.11,0.32,0.38,0,0.16,0.02,0,0
20010606,6,0.77,0,0.12,0,0.46,0.14,0.36,1.03,0.02,0.03,0,0.43,0.02,0,1.88,0,0
20010607,6,0,0,0.29,0,0.91,0,0.51,0,0.7,0.05,0,0.01,1.55,0,0,0.08,0.1
20010608,6,1.36,0,0,0.11,0,0,0.1,0,0,0,0.98,1.18,0.66,0,0.26,0,0.16
20010609,6,1.77,0,0,0,0,0.54,0,0,0,0,0.94,1.89,0,0.14,0.47,0.78,0
20010610,6,0.12,0,0.05,1.12,0.08,0.06,0,0.03,0.3,0,0.08,2.75,0.01,0.56,2.23,0.01,0
20010611,6,0,0,0.01,0.58,0,0,0,2.78,0.08,0,0,0.29,0.03,0,1.54,0,0
20010612,6,0,0,0,0,0,0,0,0,0,0,0,0,0,0,0,0,0
20010613,6,0.1,0,0,0,0,0,0,0,0,0,0.02,1.95,0,0,0.4,0,0
20010614,6,0,0.82,0,0,0,0.12,0,1.76,0,0,0,0.03,0.34,0,0.1,0,0
20010615,6,0.69,0,1.62,0.57,0.01,1.59,0.44,0,0.03,0.56,1.18,0.28,0,0,0,0,0.22
20010616,6,0.48,0,0.33,0.46,0.04,1.28,0.01,0.16,1.22,0.35,0.82,1.29,0,0,2.17,0.06,0.74
20010617,6,0.17,0.09,0.81,0.04,1.1,0,0.98,1.53,1.75,0,0.08,0.8,0.19,0,1.33,0.13,0.38
20010618,6,0.16,3.85,0,0.86,0.38,0,0.59,0.07,0.07,0,0,1.71,0,0,1.79,0.01,0
20010619,6,0,0.31,0,0,0,0,0,0,0,0,0,0.07,0,0,0.37,0.92,0
20010620,6,0,0.15,0,0,0,0,0,0,0,0.05,0,0,0.84,0,0,0,0
20010621,6,0,0,0,0.69,0,0,0,0,0,0,0,0,0.61,0,0,0.22,0
20010622,6,0,0.32,0,0.64,0,0,0.33,0,0,0.33,0,0,0,0,0,0,0
20010623,6,0,0,0,0.1,0,0,0,0,0,0,0,0,0,0,0,0,0
20010624,6,0,0,0,0,0,0,0,0,0,0,0,0,0.05,0,0,0,0
20010625,6,0,0,0,0,0,0,0,0,0,0,0,0,0,0,0,0.6,0
20010626,6,0,0,0,0,0,0,0,0,0,0,0,0,0,0,0,0.38,0
20010627,6,2.68,0,0.09,0,0.49,0,0,0,0.04,0,0.36,0.04,0,0.14,0.23,0,0
20010628,6,0.65,0.03,0,0.04,0,0.1,1.2,0.35,0,0,0,0.35,0.2,0,1.44,0,0
20010629,6,0,0,0,0,0,0,0,0.84,0,0,0,0,0,0,0.28,0,0
20010630,6,0.01,0,0.06,0.48,2.42,0,1.45,1.13,0.8,1.55,0,0.09,1.1,0,0.59,0,0
20010701,7,0,0.11,0,0,0,0,0,0,0,0,0,0,0.35,0,0.39,0.16,0
20010702,7,0,0.02,0,0,0,0,0,0,0,0,0,0,0,0,0,0,0
20010703,7,0,0,0,0,0,0,0,0.06,0,0,0,0,0,0,0,0,0
20010704,7,0,0.79,0,0,0,0,0,0,0,0,0,0,0,0,0,0,0.86
20010705,7,0,0.01,0,0,0,0.26,0,0,0,0,0,0,0,0,0,0,0.06
20010706,7,0.25,0,0,0,0.04,0,0.01,0,0.72,0,0,0,0,0.2,0,0,0.8
20010707,7,0.91,0,0.82,0.33,0.01,0.28,0,0,1.03,0,0,0.38,0.1,0,0.7,0,0.12
20010708,7,0.18,0,0.98,1.33,1.56,0.02,0.53,0.01,0.38,0.15,0,0.85,1.69,0,1.43,0,0
20010709,7,0,0,0.02,0.93,0,0.22,0.58,0,0,0.11,0,0,0.04,0,0.08,0.66,0
20010710,7,0,0,0.35,0,0.21,0.18,0.38,0.03,0.18,0.85,0,0.02,0,0,0.14,1.93,0
20010711,7,0,0,0.73,0.12,0.11,0,0.14,0,0.1,0.2,0,0.29,1.65,0,1.34,0.05,0
20010712,7,0.84,0,0.76,0.01,0.01,0.04,0.13,0,0.03,0.5,0,0.03,0.46,0,0.1,0,1.72
20010713,7,0.09,0,1.04,0,0.06,1,1.13,0,0,0,0,0.25,0.05,0,0.5,0.78,2.44
20010714,7,1.36,0,0.57,0.01,1.76,0.06,0.74,0,1.04,0,1.8,0,0,1.88,0,0.05,2.32
20010715,7,2.65,0,0.18,1.02,0,0,0.36,0,0.12,0,2.42,1.51,0.98,0.54,0.77,0.62,0
20010716,7,0.05,0.18,0,0.33,1.22,0,0.12,0.83,0.1,0.52,0,0.14,0.65,0,1.27,0.12,0.06
20010717,7,0.54,1.55,0.08,0.68,0.64,0.8,0.2,0.02,0.14,0,0.42,0.04,0.01,0,0.05,0.05,1.32
20010718,7,0,0.04,1.27,0.02,0.15,0.42,0.25,0.41,0.49,0,0.06,0.44,0,0,0.71,0.79,1
20010719,7,0.1,0,1.02,0,0.31,0,0.03,0.79,1.01,0.03,0.18,0.06,0.01,0.12,1.18,0.95,0.02
20010720,7,0.12,0.51,0.04,0.65,0.55,0.22,0.39,0.91,0.37,0,0.06,0.12,0.03,0,2.24,0.34,0
20010721,7,0,0.39,0.4,0,0.03,0,0,0.01,0,0,0,0,0.25,0,0.21,0,0
20010722,7,0,0.56,0.02,0,0,0.02,0,0,0,0,0,0,0.85,0,0,0,0.02
20010723,7,0.07,3.99,0.36,0,0,0,0,0,0,0,0,0,0,0,0,0,0
20010724,7,0,0,0,0,0,0,0,0,0,0,0,0,0,0,0,0,0
20010725,7,0,0,0,0,0,0,0,0,0,0,0,0.01,0,0,0,0,0
20010726,7,0,0.15,0,0,0,0,0,0,0,0,0,0,0,0,0,0,0
20010727,7,0,0,0.02,0,0,0,0,0,0.98,0,0.02,0,0,0,0,0,0.52
20010728,7,0.34,0,0,0,0,0,0,0.06,0,0,0,0,0,0,0,0,0
20010729,7,0,0,0,0.01,0,0,0,0.53,0,0,0,0,0.01,0,0.44,0,0
20010730,7,0,0,0,0,0,0,0,0,0,0,0,0,0,0,0,0,0
20010731,7,0,0,0,1.22,0,0,0,0,0,0,0,0,0,0,0,0,0
20010801,8,0,0,0,0,0,0,0,0,0,0,0,0,0,0,0,0,0.06
20010802,8,0.13,0,0.15,0,0.25,1.18,0,0,1.36,0,0,0,0,0,0,0,0.54
20010803,8,0.06,0,0.05,0.04,0,0.14,0.5,0,0.02,0,0.14,2.55,1.83,0,0,0.25,0.02
20010804,8,0.01,0,0.13,0.94,0.29,1.32,1.57,0,0.16,0.4,0,2.86,0.45,0,1.4,0.34,0
20010805,8,0,0,1.24,0.17,0.64,0,0.28,0.06,0.47,0.53,0,0.03,1.21,0,0.9,0.02,0.36
20010806,8,0.29,0,1.49,0.39,0.36,0.02,0.08,0,0.3,1.74,0,0,0,0,0,0.74,0.42
20010807,8,0.04,0,2.05,0.16,1.1,0,0.32,0,1.02,0,0,0.06,0,0,0,1.97,2.24
20010808,8,0.17,0,1.34,0.01,0.27,0,0,0,0.73,0.93,0,0.3,1.03,0,1.2,0.4,0.32
20010809,8,0,0,0.9,0.03,0.45,1.2,0.17,0,0.16,0,0.54,2.49,0.01,0,0.4,0.03,0.06
20010810,8,0,0.2,0.88,0,0.05,0,0,0.87,0.57,0.11,0,0.35,0.89,0,2,0,0.02
20010811,8,0,0.85,0,0,0,0.08,0,2.02,0,0.14,0,0,0.74,0,0,0.54,0
20010812,8,0,0,0.61,0,0,0.1,0.04,0,0,1.5,0,0,0.61,0,0,0.39,0.02
20010813,8,0,0,0.02,0.12,0,0,0,0,0,0,0,0,0.1,0,0,0,0
20010814,8,0,0,0,0,0,0,0,0,0,0,0,0,0,0,0,0,0
20010815,8,0,0,0,0,0.05,0.02,1.17,0,0,0,0,0,0,0,0,0,0.6
20010816,8,0.01,0,0.14,0,0.17,0.04,0.04,0,0.83,0,0,1.48,1.17,0,0.36,0.78,0.02
20010817,8,0,0,0,0.74,0.28,0,0,0,0,0,0,0.1,0,0,0.3,0,0
20010818,8,1.42,0,0,0,0.07,1.18,0,0,0.59,0,0.14,0,0,0.08,0,0,0.56
20010819,8,1.25,0,0.01,0.2,0,1,0.06,0,0.07,0,0.46,0,0.64,0,0.05,0,0.38
20010820,8,0.03,2.15,0,1.2,0,0,0.17,0.29,0,0,0,0.05,0.08,0,0.7,0.2,0.02
20010821,8,0,0,0,0.03,0,0,0,0,0,0,0,0.16,0,0,0.8,0,0.02
20010822,8,0,0.36,0,0,0,0,0,0.02,0,0,0,0,0,0,0.1,0,0
20010823,8,0,0.53,0,0,0,0,0,0,0,0.51,0,0,0,0,0,0,0
20010824,8,0,0,0,0,0,0,0,0,0,0.21,0,0,0,0,0,0,0
20010825,8,0,0,0,0,0,0,0,0,0,0,0,0,0.44,0,0,0.02,0
20010826,8,0,0,1.62,0,0.18,0.62,0,0,0,1.14,0,0,0.01,0,0,0.48,0
20010827,8,0,0,0.15,0.22,0.12,0,0.04,0,0.29,0.27,0,0.77,0.07,0,0.05,2.56,0
20010828,8,0,0,0,0,0,0,0,0,0,0.36,0,0,0,0,0,0,0
20010829,8,0.49,0,0,0,0,0.04,0,0,0,0,0.46,0,0,0,0,0.02,2.7
20010830,8,0.21,0,0,0,0.01,0.48,0.04,0,0.08,0,0,0.21,0,0,1,0,0.02
20010831,8,0.46,0.01,0.84,0.64,0.18,0.48,0,1.88,0.16,0.09,0.06,2.21,0.58,0,3.1,0,0.02
20010901,9,0.02,0,0.03,0.96,0,0,0,0.04,0.07,0.04,0.02,0.07,0.32,0,0.2,0.25,0.02
20010902,9,0,0,0.11,0.04,0.29,1.6,0,0.35,0.23,0.14,0,0,0.27,0,0.4,0.28,0
20010903,9,0,0,2.08,0.31,1.57,0.18,1.06,0,1.89,1.16,0,0,0.21,0.22,0,0.1,0.1
20010904,9,0.32,0.04,1.67,0.07,0.79,0,1.39,4.74,0.96,0.01,0,0.93,0.1,0,2.1,0.06,0.32
20010905,9,0.04,0.65,0.09,0.01,0.37,0.24,0.47,0.11,0.09,0,0,1,0,0,1.7,0,0.02
20010906,9,0.37,0,0.04,0.12,0.37,0,0.21,0.03,1.79,0.05,0,0.15,0,0,0.6,0,0.08
20010907,9,0.04,0,0.16,0.74,0.72,0.08,1.17,0,0.03,1,0,0.81,0,0,1.3,0.04,0
20010908,9,0.63,1.17,0.79,1.32,0.32,0,0.49,0.02,0.94,1.1,0,3.57,0.14,0,2,1.41,0
20010909,9,0.04,0.03,1.29,1.19,0.06,0,0.21,0.93,0.85,1.07,0,0.03,1.06,0,0.2,0.55,0.02
20010910,9,0,0,0.32,1.39,0.34,0,0.22,0,0.19,0.46,0,0.26,1.02,0,1.1,1.79,0
20010911,9,0.49,0.05,0.57,0.47,1.21,0,0.58,0.63,0.03,0.02,0,0.02,0.04,0,0.8,1.32,0.02
20010912,9,0.14,0.11,0.78,0.71,0.78,0.14,0.14,0,0.06,0.02,0,0.25,0,0,0.9,2.25,0
20010913,9,0.92,0,1.02,0.22,0.57,0.68,0.81,0,0.85,0.34,0,0.8,0.17,0,0.55,0.7,0.46
20010914,9,0.08,0.16,0,0,0.06,0,0.27,5.52,0,0.03,0,0.79,0.52,0.06,2,0.71,0.02
20010915,9,0.03,1.76,1.34,0.04,0.54,0,0.25,0.07,0.6,0.19,0,0.35,0.19,0,0.3,0,0.02
20010916,9,0.79,0.2,1.12,0.03,0.85,0.02,0.21,2.64,0.9,1.01,0.02,1.03,0.46,0,1.6,0,0
20010917,9,0.5,2.81,2.35,0.02,0.29,0.08,0,0.7,1.28,0.09,0.02,0.56,0,0,0.7,0,0.36
20010918,9,0,0,0,0.11,0,0.56,0,0.01,0,2.53,0,0,0,0,0.6,0,0.18
20010919,9,0.28,0,2.96,0.34,1.99,0.08,0.7,0.36,1.36,0,0.02,0.02,1.47,0,0.3,0,0.14
20010920,9,1.58,0,0,0.57,0.36,0.12,0.92,0,0.11,0.26,0,0.47,0,0,0,0.83,0
20010921,9,0.1,0,0.37,0.03,0.02,0,0.38,0,0.36,0.13,0.34,0.31,0.14,0.02,0,0.03,0.04
20010922,9,0.03,0,0.35,0,0.1,0,0.04,0.3,0.02,0.05,1.72,0.09,0,0.98,0.04,0,0
20010923,9,1.54,1.45,0.01,0.06,0.19,0.02,0,4.08,0,0.05,5.72,0.24,0,0.32,1.2,0,0.02
20010924,9,0,0.22,2.33,0.72,0.79,0,0,0.86,0,0,0.04,0.05,0,0,0.2,0,0
20010925,9,0,0,0.01,0.05,0,0.02,0,6.97,0,0,0,0.21,0,0,1.9,0,0.18
20010926,9,0,0,0.28,0.01,0.7,0.34,0.86,0.18,0.36,0.04,0,0.04,0,0,0.24,0,0.14
20010927,9,0,0,0.48,0.15,0.28,0,0.19,0.01,0.03,0,0,0,0,0,0,0,0
20010928,9,0,0,0,0.23,0,1.18,0,0,0,0,0.24,0,0,0.28,0,0.56,0.34
20010929,9,0.46,0,0.43,0,0.27,0.22,0.5,0.02,0.37,0,2.38,0.09,0,0.76,0,0,0.92
20010930,9,0.07,0.14,0.09,0.29,0.15,0.4,0.08,0.62,0.12,0.76,0,0.22,1.19,0,1.09,0,0.52
20020601,6,0,0,0,0,0,0,0.2,0,0,0,0,0,0,0,0,0.02,0
20020602,6,0,0.01,0,0,0,0,0,0,0,0,0,0,0,0,0.08,0,0.04
20020603,6,0.01,0.02,0.43,0,0.38,0.06,0,0,0.16,0,0,0.39,0,0.02,0.03,0,0
20020604,6,0.12,0.01,0.01,0,0,0,0,0.01,0.05,0,5.6,0,0,0.28,0,0,2.08
20020605,6,1.58,0.67,0.31,0,0.35,2.92,1.44,0.02,0.34,0,1.24,0.01,0,0.68,0.87,0,0.54
20020606,6,0.19,0.15,0,0.19,0,0.12,2.14,3.8,0,0,1.34,1.03,0,0,4.1,0,0
20020607,6,0,0.22,0,0.83,0,0.04,0.53,0.73,0,0,0,0.32,0,0.16,2.21,0,0.14
20020608,6,0.49,0.01,0,0.37,0,0.04,0,0,0,0,0.56,0.05,0,0.6,0.51,0,0
20020609,6,1.24,1.52,0.21,0.04,0.19,0.6,0.32,0.11,0.17,0,0,2.27,0,0,0.45,0,0.22
20020610,6,0,0.83,1.12,0.5,0.18,1.28,0.29,0,0.62,1.49,0,1.26,1.22,0,0.75,0,0.08
20020611,6,0,0,0.08,0,1.01,1.16,0.52,0,0.58,0.24,0,0,0.78,0,0,0.56,0
20020612,6,0,0,2.08,0,0.79,0.16,0.4,0,1.15,1.51,0,0,0,0,0,0,0
20020613,6,0,0.01,0.1,0.34,0.11,0,0.14,0,0.19,0.24,0,0,0.06,0,0,1.29,0
20020614,6,0,0,0.66,0.01,1.12,0.02,0.51,0,0.93,0,0,0,0,0.02,0,0.92,0.02
20020615,6,0,0,0,0.72,0.01,0.06,0,0,0.05,0.2,0,0.03,0.45,0.02,0.04,0.28,0
20020616,6,0,0,0.2,0.02,0.11,0,0.04,2.37,0.08,0.05,0,0.03,0,0,0.7,0.41,0
20020617,6,0,0,0,0,0,0.48,0,0,0,0,0,0,0,0,0.28,0,0
20020618,6,0,0,0.16,0,0,0,0,0,0,0.81,0,0,0.69,0,0,0,0.02
20020619,6,0.22,0,0,0,1.45,0,0.08,0,0.01,0,0,0.01,0,0,0,0,0.36
20020620,6,2.06,0,2.64,1.16,0,0.06,0,0,1.28,0.5,0,0.05,0.12,0,0.23,0.95,0
20020621,6,0,0,0,0.01,0,0.28,0,0,0,0.01,0,0.25,0.01,0,0.2,0.19,0
20020622,6,0,0,0.08,0,0.06,0,0,0,0,0.1,0,0,1.31,0,0,0.68,0
20020623,6,1.29,0,0,0,0,0,0,0,0.01,0.05,0,2.75,0.01,0,0.2,1.55,0
20020624,6,0.7,0,0,0,0,0,0,5.45,0,0,0,0.19,0,0,0.91,0.03,0
20020625,6,0,0,0,0,0,0,0,1.13,0,0,0,0.4,0,0,0.2,0.74,0
20020626,6,0,0,0,0,0,0,0,0,0,0.04,0,0,0.31,0,0.08,0.05,0
20020627,6,0.03,0,0,0.07,0.06,0,0,0.26,0,0.64,0.18,0.25,0.43,0,0.57,0.64,0
20020628,6,0,0.09,0.41,0,0.06,0,0.05,3.68,0.07,1.4,0,0,0.56,0,1.91,0.06,0
20020629,6,0,0,0,0,0,0,0.02,0,0.1,0.1,0,0,0,0.26,0,0.47,0
20020630,6,0,0,0,0,0.19,0.14,0,0,0,0.53,0,0,0.11,0,0.23,0,0
20020701,7,0.07,0,0.95,0.09,1.65,0.24,0.23,0,1.27,0.55,0,0.03,0.45,0.02,0.04,0,0.12
20020702,7,0.01,0,0.28,0.22,0.55,1.2,0.23,0,0.37,0,0,0.29,1.33,0,0.15,0.48,0.24
20020703,7,0.6,0,1.44,0.13,0.81,0.58,0.17,0,1.22,0.31,0,2.05,0.02,0,1.08,0.11,0.4
20020704,7,0,0.5,0.27,0,0.18,0.28,0.03,1.39,0,0,0,0.02,0.88,0,0.59,0.82,0
20020705,7,0.43,0,0,0,0.05,0.78,0.01,0,0.08,0,0.24,0,0,0.04,0,0,1.18
20020706,7,0.09,0,0,0.88,0,0.04,0,0.08,0.01,0.15,0,0.22,0.15,0,0.77,0.15,0
20020707,7,0,0,0.04,0,0,0.06,0.02,0,0,0.04,0,0.11,0,0,0.04,0.09,0.02
20020708,7,0,0,0,0,0,1.16,0,0,0,0,0.02,0,1.16,0.08,0,0,0.04
20020709,7,0.7,0,1.34,0,0.03,0.14,0.09,0,0,0,1.56,3.53,1.28,0,0,0,0.48
20020710,7,0.21,0,0.35,0.44,1.71,0.46,1.84,0,1.25,0,0.1,0.21,2.59,0,0.27,0,0.06
20020711,7,0,0,0,0.02,0,0.24,0.04,0,0,0,0,0,0.09,0,0.09,0.49,0
20020712,7,0.83,0,0,0,0.23,0,0.04,0.01,0.03,0,1.42,0.09,0.14,0.24,0,0,0.46
20020713,7,0.89,0,1.68,0.13,0.75,0,1.11,0.37,2.87,0,0,1.17,0.01,0,0.25,0,0
20020714,7,0.06,0.33,0,0,0.07,0,1.07,2.01,0.4,0,0,0.23,0,0,2.09,0,0
20020715,7,0.75,0.05,0,0,0,0,0,1.39,0.04,0,4.58,0.06,0,0.02,0.64,0,0
20020716,7,1.51,0.04,0,1.03,0.01,0,1,0.07,0,0,0.32,0.03,0,0,0.74,0,0
20020717,7,2.64,0,0,0.34,0,0,5.42,0.04,0.45,1.09,0,2.94,0,0,2.87,0,0
20020718,7,0,4.64,0,0,0,0,0.03,2.47,0,0,0,0.13,0.17,0,0.73,0.55,0
20020719,7,0,0,0,0.01,0,0,0,0,0,0,0,0,0.79,0,0,2.2,0
20020720,7,0,0,0.64,0,0.8,0,0.75,0,2.36,0,0,0,0.24,0.08,0,0.3,0
20020721,7,0,0.19,0.52,0.12,0.1,0,1.09,0.14,0.24,0.37,0,0,0.73,0,0.33,1.32,0
20020722,7,0,0,0,0,0,0,0.2,0.82,0,2.78,0,0,1.43,0,0.14,1.11,0
20020723,7,0,0,0.42,0.09,0.15,0,0.2,0,0.09,0.29,0,0,1.01,0.04,0,0.34,0
20020724,7,0,0,0.01,0.22,0.17,0,0.21,1.6,0.09,0,0,0.4,0.65,0,0.78,1.03,0
20020725,7,0,0,0.04,0,0.16,0,0.32,1.91,0.01,0,0,0.16,0,0,1.22,1.38,0
20020726,7,0.01,0,0.11,0.03,0.05,0,0.16,0,0,0,0,0.15,0,0,0.41,0.03,0
20020727,7,0,0,0,0,0,0,0,0,0,0,0,0.05,0,0,0.04,0,0
20020728,7,0,0,0,0,0,0,0,0,0,0,0,0,0,0,0,0,0
20020729,7,0,0,0,0,0,0,0,0.4,0,0,0,0,0,0,1,0,0
20020730,7,0.21,0.03,1.59,0,0,0.42,0,0,0.39,0,0.88,0,0.07,0,1.12,0,0.8
20020731,7,0.38,0.74,0.01,0,0.21,1.12,0,0.54,0,0.84,0.84,1.97,0.01,0.52,0.12,0.98,0.08
20020801,8,0.6,0,0.72,3.15,0.31,0,0.01,0.1,1.4,0.69,0.02,1.89,0,0.1,0.56,0,0.36
20020802,8,0.44,0,0,0,0,0.04,0,0,0.29,0.86,0,0,0,0,0,0,0.34
20020803,8,0.57,0,1.4,0,0.14,1.76,0.01,0,0.87,2.1,0.02,0.7,0,0,0,0,0.08
20020804,8,1.48,0,0.48,0.56,0.01,0.45,0.1,2.41,0.01,0,0,4.51,0,0,2.19,0,0.1
20020805,8,0.41,0,1.43,0.57,0.08,0.14,0.12,1.54,0,0,1.36,0,0,0.98,0.7,0,0.12
20020806,8,1.79,0.45,0.76,0,0.39,0,0,3.63,0.02,0,0,0.89,0,0,2.44,0,0.04
20020807,8,0.46,1.41,2.49,0.17,0,0.32,0.01,0.01,0,0,0.02,0.46,0,0,0.83,0,0
20020808,8,0,0.54,0,0.02,0,0.58,1.23,0,0.03,0,0,0,0,0,0,0,0.38
20020809,8,0.56,0.25,0.17,0,0.31,0.24,0.03,0.29,2.13,0,0.04,0.46,0,0.48,0.93,0,0.22
20020810,8,2.1,0,0,0,0,0.06,1.9,2.59,0,0.1,0,0.81,0.01,0,0.97,0,0.8
20020811,8,0.72,1.94,0,1.09,0,0.02,0,3.73,0.01,0.85,0,2.73,0.46,0,4.22,0,0.1
20020812,8,0.08,1.32,0,15.8,0.03,0,0.01,0.22,0.06,0.05,0,0.08,1.77,0,1.51,0,0.04
20020813,8,0,0.01,0,1.28,0,0,0.03,0,0,0,0,0,0,0,0.48,0,0
20020814,8,0,0,0,0,0,0,0,0,0,0,0,0,0,0,2,0,0
20020815,8,0,0,0,0,0,0,0,0,0,0,0,0,0,0,0.02,0,0
20020816,8,0,1.03,0,0,0,0,0,0,0,0,0,0,0,0,0,0,0.02
20020817,8,0,0,0,0,0,0,0.01,0.19,0,0,0,0,0,0,0.05,0,0
20020818,8,0,0,0,0.02,0,0,0,0,0,0,0,0,0,0,0.76,0,0
20020819,8,0,0,0.16,0,2.04,0,0,0,2.17,0,0,0,0,0,0.03,0,0.34
20020820,8,0.3,0.07,2.52,0,1.24,0,0.05,0.42,3.69,0,0.04,0.02,0.37,0,0,0,0.04
20020821,8,0,0,0.15,0,1.69,0,0,1.49,2.45,0,0,1.42,0,0,1.98,0,0
20020822,8,0,0,0.01,0,0.01,0,0.01,0.54,0,0,0,0,0,0.66,2.72,0,0
20020823,8,0,0.14,0,0,0,0,0.01,0,0.06,0,0,0,0,0.5,0.03,0,0
20020824,8,0,0,0.83,0,1.28,0,0.01,0,1.19,0,0,0,0,6.72,0.1,0,0
20020825,8,0,0,0.01,0,0,0,0,0,0,0,2.44,0,0,1.14,0.2,0,1.26
20020826,8,0.6,0,0,0,0,0,0,0.12,0,0,1.38,0.2,0,0.16,0.06,0,0.54
20020827,8,0.72,0.02,0,0,0.08,0,0,0.01,0,0,0.12,0.04,0,0,0.95,0.07,0.92
20020828,8,0,0,0,0,0,0,0.01,0.83,0.17,0,0,0,0,0,0.22,0,0.06
20020829,8,0,0,0,0,0,0,0.01,0,0,0,0,0,0.24,0,0.26,0.05,0
20020830,8,0,0,0,0,0,0.02,0,0,0,0,0,0,0.62,0,0.2,0,0
20020831,8,0.2,0,0.08,0.65,0,0,0.01,0,0.13,0,0,0,0.52,0,0.72,0.26,0
20020901,9,0.01,0,0,0,0,0,0,0,0,0,0,0.07,0,0,1.64,0,0
20020902,9,0,0,0,0,0,0,0,0,0,0,2.28,0,0,0,0.35,0,0
20020903,9,1.29,0,0.11,0,0.09,0,0,0,0,0,0.8,0.22,0,0.14,0.12,0,0
20020904,9,0,0,0,0,0.04,0,0.07,0,0.18,0,2.18,0.67,0.62,0.08,0.02,0,0
20020905,9,0,0,0,1.08,0,0.2,0,0,0,0,0.82,0,0.43,0,0,0.02,0
20020906,9,0,0,0,0,0,0.12,0.01,0,0,0,0,0,0.65,0,0,0,0.02
20020907,9,0.2,0.01,1.22,0,0,0.02,0.25,0,0,0,0,0,4.87,0,0,0,0
20020908,9,0,0,0.66,0,0,0.02,0,0,0.01,0,9.3,0,0,0.02,0.04,0,0.52
20020909,9,1.92,0,0,0,0.02,1.58,0.01,0,0,0,2.04,1.83,0,0,0,0,0.34
20020910,9,0.24,0,0,0.94,0.85,0,1.57,0.89,0.03,0,0,0.39,0,0,1.24,0,0.02
20020911,9,0.18,0,0.16,0,0.02,0,0.01,0.02,0.31,0,0,0,0,0,1.4,0,0
20020912,9,0,0.01,0,0,0,0,0,0,0,0,0.72,0,0,0.2,0.05,0,0
20020913,9,0,0.02,0,0,0,0,0,0,0,0,0.56,0,0,0,0,0.04,0
20020914,9,0,0.04,0,0.68,0,0,0,0,0,0,0,0.16,0,0,0,0.13,0
20020915,9,0,0.12,0,0.11,0,0,0,0,0,0,0,0,0.01,0,1.34,0.04,0
20020916,9,0,0,0,0.11,0,0,0,0,0,0,0.02,0,0,0,0,0.05,0
20020917,9,0,0,0,0.06,0,0,0,0,0,0,0,0,0,0.02,0.08,0.07,0
20020918,9,0,0,0,0,0,0,0,0,0,0,0,0,0,0,0.05,0,2.14
20020919,9,0.53,0.01,0,0,0,0,0,0,0,0,0.02,0.45,0,0,0.15,0.46,0.04
20020920,9,0.02,0.25,0,0.01,0,0,0,0.2,0,0.15,0.02,0.46,0,0.06,0.17,0.3,0
20020921,9,0,0.01,0.03,0,0.06,0,0,1.16,0,0.15,0,0.17,2.45,0.34,0.82,0,0
20020922,9,1.02,0.81,0.38,0.29,0.48,0.02,0.7,0.61,0.74,0.1,0,0.61,0.03,0,0.82,0,0
20020923,9,1.6,0.61,0,0.06,0,0,0.02,3.45,0.05,0,0,2.38,0,0,1.7,0,0
20020924,9,1.84,2.12,0,0,0.02,0,0,1.1,0,0,0,3.59,0.05,0,1.53,0,0
20020925,9,0.02,0.23,0.23,0.05,0.41,0.04,0.39,1.32,0.87,0,0,0.23,0,0,0.59,0,0
20020926,9,1.16,0,0.43,1.03,0.21,0,0.25,0,0.67,0.83,0,0.56,0,0,0.74,0,0.02
20020927,9,0,0,0,0.02,0.09,0,0,0,0,0.04,0,0.9,0,0,2.41,0,0
20020928,9,0,0.27,0,0,0,0,0.09,0,0,0.2,0,0,0,0,0.13,0,0
20020929,9,0,0,0,0,0,0,0.01,0,0,0,0,0,0.06,0,0,0,0
20020930,9,0,0,0,0,0,0,0,0,0,0,0,0,0.02,0,0,0.16,0
20030601,6,0,0,0,0,0,0.1,0,0,0,0,0,0,0,0,0.18,0,0.04
20030602,6,0.82,0.01,1.08,0,1.06,0,0,0.03,0.06,0,0.02,0,0,0.12,0.22,0,0.06
20030603,6,0.03,0,0,0,0.03,0.04,0,0,0.02,0,0,0,0.38,0,0,0,1.28
20030604,6,0,0,0.35,0,0.02,0.2,0,0,0.33,0.04,0,0.13,0.12,0,0.09,0,0.78
20030605,6,0.23,0,0,0.04,0.19,0,0.71,0,0.35,0,0.02,3.99,0.6,0.1,0,0,0.02
20030606,6,0,0,0,0,0,0.36,0,0,0,0,0.5,0.05,0,0,1.37,0,0
20030607,6,0,0,0,0,0,0.7,0.09,0,0,0.03,0,0,0,0,0.18,0,0
20030608,6,0,0,0.75,0.14,1.31,0.28,2.44,0.01,0.83,2.09,0,0.05,0.49,0,0.07,0.68,0
20030609,6,0,0,0,0,0,0.1,0,0,0,0.02,0,0,0.01,0,0.18,0.24,0
20030610,6,0,0,0.77,0.06,0.01,0,1.48,0,0.15,0.56,0,0,0.04,0,0,0.07,0.16
20030611,6,0,0,0,0,0,0,0,0,0,0,0,0,0.48,0,1.3,0.49,0
20030612,6,0,0,0,0.52,0.01,0,0,0,0,0,0,0.15,0.01,0,0.22,0,0.46
20030613,6,0.02,0,0,0,0,0,0,1.04,0,0,0,0.69,0,0,1.75,0.24,0
20030614,6,0.15,0.76,0,0,0.08,0,0,0.26,0.61,0,0,0.89,0.64,0,1.85,0.02,0.58
20030615,6,0,0,0,0,0,0,0,0.02,0,0.42,0.42,0,0,0,0.81,0,0
20030616,6,0,0.07,0,0,0,0,0,0.05,0,0,0,0,0,0.1,0.34,0.19,0
20030617,6,0.02,0,0.13,0.02,0.11,0.1,1.55,0.16,0,0,0,0.46,0,0,1.01,0.06,0
20030618,6,0,0.04,0,0.4,0.01,0,2.57,0.66,0,0.2,0,0.94,0.25,0,1.14,0.07,0
20030619,6,0,0,0.02,0.3,0,0,0.44,0,0,0.2,0,0,0,0,0.16,0.99,0
20030620,6,0,0.1,0,0.07,0,0,0,0.82,0,0.5,0,1.1,0,0,0.5,0.23,0
20030621,6,0,0,0,0,0,0.14,0,0,0,0.07,0,0,0.02,0,0,0,0
20030622,6,0,0,0.01,0,0.15,1.84,0,0,0,0,0,0,0,0,0,0.32,0
20030623,6,0.01,1.27,0.02,0.07,0.26,0,0.03,0,0.25,0.48,0,0.01,3.18,0,1.27,0.06,0.02
20030624,6,0,0.25,0,0,0,0,0,0.09,0,0,0,0.9,0.37,0,0.94,0.76,0.48
20030625,6,0,0,0,0,0,0,0,0,0,0,0,0.01,0.18,0,1.05,0,0.38
20030626,6,0.05,0,0,0,0,0,0,0.68,0,0,0.08,0,0,0,0.48,0,0.02
20030627,6,0,0,0,0,0,0,0,0.26,0,0,0,0.04,0.02,0,0.05,0,0
20030628,6,0,0,0,0,0,0,0.02,2.19,0,0,0,0,0.97,0.34,0.69,0,0
20030629,6,0,0,0,0.02,0,0.22,0,0.01,0,0.63,0,0,0.01,0,0.61,0,1.1
20030630,6,0.77,0,0.33,0.51,1.64,0.68,0.45,0,1.57,0.01,2,0,0,0,0.1,0,0.62
20030701,7,0.83,0,0.41,1.05,0.31,0.12,0.15,0.71,0.09,0.31,0.04,1.99,0.48,0,1.6,0,0.3
20030702,7,0.19,0.12,0.57,0.59,0.16,0.56,0.76,0.1,0.08,0,0,0.03,0.01,0,0.93,0.36,0.56
20030703,7,0.16,2.84,0.51,0.19,0.11,0.04,0.01,2.76,0.83,2.78,0,0.74,0.18,0,1.31,0.46,0.06
20030704,7,0.38,0.01,0.07,0.48,0.29,0,0.05,0.39,0.36,1.12,0,0.5,0,0,1.28,0,0
20030705,7,0,0,0,0.1,0,0,0,0.4,0.01,0,0,0,2.02,0,0.18,0,0
20030706,7,0,0,0,0.01,0,0,0,0,0,0,0,0,0.08,0,0,0,0
20030707,7,0,0,0,0,0,0,0,0,0,0,0,0,0.01,0,0,0,0
20030708,7,0,0,0.15,0,0.01,0,0,0,0,0,0,0,0.62,0,0.02,0,0
20030709,7,0,0,0,0.22,0,0,0,0.01,0,0,0,0,0.15,0,0.5,0.61,0
20030710,7,0,0,0,0,0,0,0,0.04,0,0,0,0,0,0,0.6,0,0
20030711,7,0,0,0,0,0,0,0,0,0,0.79,0,0,0.39,0,0.33,0.15,0
20030712,7,0,0,0,0,0,0,0,0,0,0.01,0,0,0,0,0.07,0.78,0
20030713,7,0,0,0,0,0,0,0,0.36,0,0,0,0,0,0,0.15,0,0
20030714,7,0,0,0,0,0,0,0,0,0,0,0,0,0,0,0,0,0
20030715,7,0.07,0,0,0,0,0,0,0,0,0.01,0,0,0,0,0,0,1.48
20030716,7,0.4,0,0,0,2.29,0.38,0.31,0,0,0,0.28,0.92,0,0,1.46,0,0.42
20030717,7,0,0.18,0.85,1.04,0,0.22,0,0.21,0,3.16,0,0.72,0.25,0,3.05,0,0
20030718,7,0,0.94,0.03,0,0,0,0,0,0,0.55,0,0,0.04,0,0.64,0,0
20030719,7,0,0,0,0,0,0,0,0,0,0,0,0,0,0,0,0,0
20030720,7,0.01,0,0.02,0,0,0,0.46,0,0,0,0,0.07,0,0,0,0,0
20030721,7,1.38,0,0,0.68,0.13,0,0.54,0,0.03,0.07,0.3,0.28,1.21,0,0.97,1.06,0
20030722,7,0,0,0,0,0,0,0.74,0,0.1,0,1.06,0.34,0,0,1.26,3.65,0
20030723,7,0.01,0,0,0.05,0.06,0.04,0.04,0.5,0,0,0.3,0,0,1,0.91,0,0.5
20030724,7,0.24,0,0.01,2.7,1.46,0.16,0.34,0.05,0.64,0,0,1.76,0.79,0,1.3,0,0.04
20030725,7,0,0,0.17,0,0.05,0.4,0.25,0,0.04,0,0,0,1.54,0,0,0.09,0.18
20030726,7,0,0,0,0,0.76,0.54,0.93,0,0.85,0.13,0,0,1.95,0,0.03,0,2.1
20030727,7,1.35,0,0.06,3.1,0.13,0,0.07,0,0.37,0,0.96,2.54,1.11,0.3,0.6,0,0.46
20030728,7,0,0.41,0.03,0.11,0,0.04,0.49,6.5,0,0,0,0.05,0,0,4.12,0.04,0
20030729,7,0,0.31,0,0.55,0,0.28,0,0,0,0,0,0,0,0,0,0.34,0
20030730,7,0.44,0.47,0.1,0,0.43,0,0,0,0.93,0,0,0,0,0,0,0,0.02
20030731,7,1.31,1.45,0,0.03,0,0.1,0,1.1,0,0,0,0.16,0,0,0.65,0,0
20030801,8,0,0,0,0,0,0.02,0,0.07,0,0,0,0,0.74,0,0.41,0,0
20030802,8,0,0,0,0,0,0,0,0,0,0.81,0,0,0,0,0,0,0
20030803,8,0,0,0,0,0,0,0,0,0,0,0,0,0,0,0,0,0
20030804,8,0,0,0,0,0,0,0,0,0,0,0,0,0,0,0,0,0
20030805,8,0,0,0,0,0,0,0,0,0,0,0,0,0,0,0,0,0
20030806,8,0,0,0,0,0,0,0,0.25,0,0,0,0,0,0,0.16,0,0
20030807,8,0,0,0,0,0,0,0,0,0.06,0,0,0,0,0,0,0,0
20030808,8,0,0,0,0,0,0,0,0,0,0,0,0,0,0,0.1,0,0
20030809,8,0,0,0,0,0,0,0,0,0,0,0,0,0,0,0.07,0,0
20030810,8,0,0,0,0,0,0,0,0.43,0,0,0,0,0,0,0.44,0,0
20030811,8,0,0,0,0,0,0,0,0,0,0.06,0,0,0,0,0,0,0
20030812,8,0,0,0,0,0,0,0,0,0,0,0,0,0.07,0,0,0.07,0
20030813,8,0,0,0,0,0,0,0.02,0,0,0,0,0,3.04,0,0,0.7,0.08
20030814,8,0.19,0.05,0,0,0,0,0.14,2.62,0.04,0.18,0.32,0.79,0.18,0,0.61,0.29,0
20030815,8,0,0,0,0,0,0.06,0,0.71,0,0,0,0.28,0,0,0.2,1.44,0
20030816,8,0.6,0,0,0,0,0,0,0,0,0,0,0.01,0.15,0,0.08,0.82,0
20030817,8,0.81,0,0.01,0,0,0,0.03,0,0.06,0,0.98,0.18,0,0.48,0,0,0.18
20030818,8,0.23,0,0.05,0.19,0.44,0.04,0.05,0,0.63,0.03,0.84,0.32,0,0,0.58,0,0
20030819,8,0,0,0,0.22,0,0,0,0,0,0,0,0,0.82,0,0.22,0.12,0
20030820,8,0.3,0,0,0,0,0,0,0,0,0.06,0,0.01,0,0,0.36,0,0
20030821,8,0,0,0,0,0,0,0,0,0,0.12,0,0,0.88,0,0.81,0,0
20030822,8,0,0,0,0,0,0,0,0,0,0.05,0,0,0.03,0,0,0.44,0
20030823,8,0,0,0,0.06,0,0,0.04,0,0,0.44,0,0,0,0,0,0.1,0
20030824,8,0,0,0,0,0,0,0,0.13,0,0,0,0,0,0.04,0,0,0
20030825,8,0,0,0,0,0,0,0,0.25,0,0,0,0,0.07,0,0,0,0
20030826,8,0,0,0,0,0,0,0,0,0,0,0,0,0.08,0,0,0.59,0
20030827,8,0.01,0,0,0,0,0,0,0,0.04,0.16,0.02,0,0.21,0,0,0.56,0
20030828,8,0.95,0,0.14,0.05,1.59,0.82,0.39,1.36,0.24,0.01,2.02,0,0.07,0,0.43,0.05,0.04
20030829,8,0.29,0,0.55,0.21,0.6,0.1,0.28,0.13,1.98,1.6,1.98,0.91,0,0,2.76,0,0.02
20030830,8,1.92,0.55,0,0,0.08,0,0.04,0.21,0.57,0.02,0.02,1.11,0,0,1.23,0.09,0
20030831,8,0.58,0.58,0.17,0.26,0.07,0,0.35,2.15,0.01,0.35,0,1.14,0.22,0.02,1.86,0.03,0
20030901,9,0,0,0.11,0.69,0.15,0,0.36,0.15,0.05,0.32,0,0.13,0,0.02,1.16,0,0
20030902,9,0,0,0.02,0.06,0,0,0,0.01,0,0,0,0.05,0,0,1.3,0,0
20030903,9,0,0,0,0.01,0,0,0,0,0,0,0,0,0,0,0.38,0,0
20030904,9,0,0,0,0,0,0,0,0,0,0,0,0,0,0.24,0,0,0
20030905,9,0.07,0,0,0,0.02,0.02,0,0,0,0,0,0,0,0.12,0,0,0.16
20030906,9,0.23,0,0.17,0,0.05,0.04,0.4,0,0.02,0,0,0,0,0,0.1,0,0.04
20030907,9,2.31,0,0,0,0.75,0,0,0,0.06,0,5.44,0,1.34,0.5,0.1,0,0.04
20030908,9,0.16,0,0,0,0.31,0,0.2,0.2,0,0,0.26,0.45,0.01,0.32,0.28,0,4.8
20030909,9,0.19,0,0.3,0.76,0.02,0.2,0.01,1.97,0,0.02,0.28,0.04,0,0,2.15,0,0
20030910,9,0.27,0,1.35,0.38,1.19,0.02,1.86,0.7,0.61,1.96,0,0.28,0,0,0.15,0.02,0
20030911,9,0.43,0,0,0.1,0,0.02,0.33,0.33,0,0,0,0.51,0,0,2.55,0,0
20030912,9,0,0,0.01,0.13,0,0,0.04,0,0.07,0,0,0.19,0.01,0,2.07,0,0
20030913,9,0,0,0,0.12,0,0,0,0.01,0,0,0,0.19,0,0,0.57,0,0
20030914,9,0,0,0,0,0,0,0,0,0,0,0,0,0,0,0,0,0
20030915,9,0,0,0,0,0,0,0,0,0,0,0,0,0,0,0,0,0
20030916,9,0,0,0,0,0,0,0,0,0,0,0,0,0,0,0,0,0
20030917,9,0,0,0,0,0,0,0,0,0,0,0,0,0,0,0,0,0
20030918,9,0,0,0,0,0,0,0,0,0,0,0,0,0,0,0,0,0
20030919,9,0,0,0,0,0,0,0,0,0,0,0,0,0.49,0.02,0,1.3,0
20030920,9,0,0,0,0,0,0,0,0,0,0,0,0,0.43,0,0,0.02,0
20030921,9,0,0,0,0,0,0,0,0,0,0.14,0,0,0.45,0,0,0,0.02
20030922,9,0.13,0,1.45,0,0.38,0.42,0.6,0,0.21,0.19,2.18,0.04,2.12,0.34,0.1,0.15,0.34
20030923,9,0.05,0,1.2,0.22,0.01,0,0.02,3.3,1.05,0,0.02,0.2,0.01,0,0.9,0.02,0
20030924,9,0,0.36,0,0,0,0,0,1.06,0,0,0,0,0,0,0.36,0,0
20030925,9,0,0,0,0,0,0,0,0,0,0,0,0,0,0.02,0,0,0
20030926,9,0,0,0.04,0,0.02,0.12,0,0,0,0.04,0,0,1.53,0,0,0,0
20030927,9,0.01,0,0,0,0.16,0,0.01,0,0,0,1.32,0.01,0,0.4,0,0.47,0
20030928,9,0.78,0,0.46,0.45,1.45,0,0.17,0.24,1.11,0,0.74,0.91,0,0,0.3,0,0
20030929,9,0,0.54,0.05,0.04,0.03,0,0.64,3.22,0.08,0.3,0.02,0,0,0,0.44,0,0
20030930,9,0,0,0,0,0,0,0,0,0,0,0.4,0,0.59,0.12,0.53,0.01,0.08
20040601,6,0.98,0,0,0.16,0,0.02,0,0.09,0,0,0,0.72,0,0,0.61,0,0.06
20040602,6,2.26,1.04,0.74,0,1.05,0,0,0.48,0.49,0,0,0.88,0,0,2.15,0,0
20040603,6,0.12,1.73,0.05,0,0.06,0.02,0,0,0,0,0,1.54,0,0,1.68,0,0
20040604,6,0.08,1.49,0.61,0.36,0.32,0,0.45,0,0.77,0.04,0,0.37,0.04,0,0.43,0,0
20040605,6,0.48,0,0,0.63,0,0,0.09,0.16,0,0,0,0.7,0,0,1.86,0,0
20040606,6,0,0.41,0,0,0,0,0,0.01,0,0,0,0,0,0,0.08,0,0
20040607,6,0,0,0,0,0,0,0,0,0,0,0,0,0.53,0,0.25,3.19,0
20040608,6,0,0,0,0,0,0,0.2,0,0,0,0,0,0,0,0,0.09,0
20040609,6,0,0.37,0,0,0,0,0.02,0,0,0.13,0,0,0.78,0,0,0,0
20040610,6,0,0,0.12,0.34,0.3,0,0.4,0,0.49,0,0,0.02,0,0,0,0.84,0.04
20040611,6,1.66,0,0,0.84,0.27,0,0.29,0,0.12,0.06,0.44,1.17,0,0.06,2.17,2.49,0.02
20040612,6,0.02,0.16,0.46,0.28,1.33,0,0.07,3.95,0.13,0.75,0,0.8,0,0,2.22,0,0
20040613,6,0.16,0.05,0,0.16,0,0,0,0.92,0,0,0,0.01,0,0,0.54,0.15,0
20040614,6,0,0,0,0,0,0,0,0,0,0,0,0,0,1.06,0.02,0.11,0
20040615,6,0,0,0,0.12,0,0,0.07,0,0,0.49,0,0.39,0.04,0.3,0,0.63,0
20040616,6,0.02,0,0,0,0,0,0,1.75,0,0,0,0,0,0,0.18,0,0
20040617,6,0,0,0.01,1.01,0.07,0,0.11,0,0.03,0.82,0,0,0,0,0,0.07,0
20040618,6,0,0,0.44,0.17,0.45,0,0.23,0,0.95,1.73,0,0.37,0.76,0,0,0.09,0
20040619,6,0.14,0.05,0.06,0.03,0.08,0,0,0.06,0.22,0.56,0.02,0.68,0.9,0.16,2.18,0.78,0
20040620,6,0,0.55,0.23,0,0.39,0.82,0.4,5.87,0.39,0.01,0,0.45,0.3,0,1.27,0.02,0
20040621,6,0.05,0,0.36,0,0.11,1.38,0.43,0.17,0.13,0,0.02,0.11,0.46,0,0.12,0,0.1
20040622,6,0.65,0,0.02,0.29,0.29,1,0.22,0,0,0.25,0.14,0.01,0.05,0,0.04,0.53,0.76
20040623,6,0.24,0.19,2.18,0.03,0.41,0.1,1.17,0,0.52,0.8,0,0.41,0.42,0,0.67,1.01,0.16
20040624,6,0.01,0.01,1.36,0,0.08,0.02,0.2,0,0.03,0.39,0,0,0.88,0,0.4,0.57,0
20040625,6,0,0.49,0.09,0,0,0,0.01,2.01,0,0.84,0,0.01,1.32,0,0.45,0.27,0
20040626,6,0,0,0,0,0.03,0.12,0.04,0,0,0.02,0,0,0.13,0,0.54,0,0
20040627,6,0.14,0,0.15,0.17,0.03,0.56,1.39,0,0.15,0,0,0.05,0.02,0,0,0,0
20040628,6,0,0,0,0,0,0,0,1.71,0,0.43,0,0.05,0.1,0,0.31,0,0
20040629,6,0,0,0,0,0,0,0,0.04,0,1.12,0,0,0.74,0,0.02,0,0
20040630,6,0,0,0.04,0,0,0,0,0,0,0.47,0,0,0,0,0,0,0
20040701,7,0,0.31,0.05,0.96,0.32,0.44,0.1,3.83,0.05,0.88,0,1.18,0.07,0,3.07,1,0
20040702,7,0.02,0.18,1.39,0,0.77,0.32,0.75,2.54,0.8,0.03,0,0.82,0.25,0,0.88,0.68,0.06
20040703,7,0,0.01,3.07,0.38,0.33,0.04,0.49,0,0.16,0.51,0,0,0,0,0,0.04,0
20040704,7,0,0,0.16,0.04,0.27,0,0.18,0,0,0.39,0,0.01,0.01,0,0.08,0,0
20040705,7,0.79,0.3,0.02,0.29,0.29,0,0.11,0,0.43,0,0.94,0.39,0.51,0,0,0.03,0
20040706,7,0.01,0,0,0,0,0,0,0.27,0,0,0.06,0.53,0.42,0.02,1.54,0.17,0.32
20040707,7,0,0,0.51,0,0.8,1.26,0.06,0,1,0,0,0,0.05,0,0.84,0,1.2
20040708,7,1.28,0,0.77,1.09,0.22,0.22,0.96,0.02,0.49,0.18,0.02,2.62,0.01,0,1.39,0,0.74
20040709,7,0.5,0,0.71,0,0.46,0,0.24,0,1.49,3.23,0,0.03,0.16,0,0.28,0.14,0
20040710,7,0.1,0,0.22,0.04,0.01,0.36,0.55,0.36,0.02,1.34,0,0.26,0,0,1.31,0.1,0
20040711,7,0.29,0,0.06,0.15,0.25,0,0.72,0.4,0.05,0.63,0,0.33,0,0,0.59,0.49,0.62
20040712,7,0.02,0,1.35,0.6,0.35,0,0.27,0,0.24,0,0,0.91,0.32,0,1.86,0.08,0.06
20040713,7,0.33,0,0.04,0.06,0.18,0.12,0,0.26,0,0,0,0.41,0.1,0,1.45,0.84,0
20040714,7,0,0,0.43,0.19,0.32,0,0.21,0,0.17,0.68,0,0.27,0.39,0,0.5,0.34,0
20040715,7,0,0,0,0,0.07,0.1,0,0,0.17,0,0,0.03,0.7,0,0.66,0,0
20040716,7,0,0,0.02,0.03,0,0,0,0,0,0,0,0,0,0,0.79,0.02,0
20040717,7,0,0.01,1.99,0,0.68,0.04,1.46,0,1.5,0.33,0,0.11,0.01,0,0.05,0,0
20040718,7,0,0,0.19,0.1,0.43,0,1.73,0,0.44,1.97,0,0.76,1.95,0,0,0.08,0.1
20040719,7,0,0,0,0.05,0,0,0,0,0,0,0.06,0,0.01,0,0.93,0.18,0.14
20040720,7,0.5,0,0.26,1.05,1.23,0.86,0.05,0,1.09,1.34,0,0.12,0,0,0.94,0,0
20040721,7,3.14,0,0,0,0.41,0,4.24,0,0.49,0.07,0,0.32,0.03,0,0,0,0.64
20040722,7,0,0,0,1.8,0.22,0,0.01,0,0.93,0,0,0.02,0.04,0.1,0,0,0.08
20040723,7,0.11,0,0.3,0,0.02,0,0.27,1.83,0.36,0.7,0,0.27,0,0,0.18,0,0
20040724,7,0.03,0.05,0,0,0,0,0,1.17,0,0.01,0,1.3,0.06,0,1.34,0,0
20040725,7,0,0.01,0.14,0.27,0.25,0,0.46,0,0.03,0.7,0,0,0,0,0.22,0.27,0
20040726,7,0.01,0.6,0.53,0.52,0.5,0,0.68,1.37,0.55,0,0,0.69,0.01,0,1.34,0.94,0
20040727,7,0,0.22,0,0.22,0,0,0,0.52,0,0,0,0,0,0,0.27,0.1,0
20040728,7,0,0.67,0,0,0,0,0,0,0,0,0,0,0,0,0,0,0
20040729,7,0,0.08,0,0,0,0,0,0,0,0,0,0,0,0,0.03,0,0
20040730,7,0,0.34,0,0,0,0,0,0,0,0,0,0,0,0,0,0,0
20040731,7,0,0,0,0,0,0,0,0,0,0,0,0,0,0,0,0,0
20040801,8,0,0,0,0,0,0,0,0.96,0,0.11,0,0.8,0,0,0.44,0.47,0
20040802,8,0,0,0,0,0,0,0,0.02,0,0.45,0,0,0,0,0.15,0.34,0
20040803,8,0.46,0,0,0,0,1.68,0,0,0,0.69,0.26,0,0.5,0.54,0,0.02,0
20040804,8,0.01,0,0,0,0.01,0,0,0,0,0.41,2.42,0,0.52,0.68,0,0,0
20040805,8,0,0,0,0,0,1.58,0,0,0,0,0.76,0,0,0,1.26,0,0.04
20040806,8,0.04,0,0,0,0,0,0,0,0,0,0,0.55,0,0,0,0,0
20040807,8,0.05,0.1,0,0,0.94,0,0,7.73,0.09,0,0,0,0,0.02,0.89,0,0
20040808,8,0,0,0,0,0,0,0,1.16,0,0,0,0,0,0,0.6,0,0.22
20040809,8,0,0,0,0,0,0.74,0,0.13,0,0,0,0,0,0,0.21,0,2.22
20040810,8,1.73,0,2.11,0,1.84,0.02,0,0,1.21,0,0.88,0,0,0.08,0,0,0
20040811,8,0,0,0.36,0,0.19,0.12,0,0,0,0,0,0,0,0,1.36,0,0.76
20040812,8,0.71,0,0.31,1.31,3.34,0.5,1,0.02,0.1,0,0.6,1.24,0.09,0,1.64,0.55,0.64
20040813,8,0.33,0,2.87,0.19,0.09,0.44,0.3,1.23,1.35,1.36,0,0.13,0,0,1.44,0.13,0.14
20040814,8,0,0.09,0.01,0.13,0,0,0,0,0.59,0,0,0.7,0,0,2.49,0.28,0.02
20040815,8,0,0,0.26,0,0.07,0,0,0,0,0,0,0.44,0,0,0.63,0,0.06
20040816,8,0.42,0,1.63,0,0.06,0.22,0,0,0.14,0.54,0.38,0.09,0.41,0.04,0,0,0.08
20040817,8,0.66,0,0,0.13,0.16,0.72,0.19,0,0.03,0,2.52,0.01,0.46,0,0.03,0.44,0.72
20040818,8,0.15,0,0.09,0,1.4,0.62,1.06,0,2.82,0.18,0,0,0,0,0,0,1.78
20040819,8,1.33,0,0,0.1,0,0.18,0,0,0,0,3.38,0.6,2.38,0,0,0.08,0.08
20040820,8,0,0,0.31,0.12,0,0.24,0.05,2.33,0.09,0,0,0.42,0.03,0,1.82,0,1.08
20040821,8,0.02,0.07,0.15,0,0.09,0,0.11,1.17,0.17,0.23,0,0.05,0.23,0,1.14,0,0
20040822,8,0,0,0,0,0,0.84,0,0,0,0,0.02,0,0.16,0,0,0.14,0
20040823,8,0.15,0,0.04,0,0.09,0.54,0,0,0,0,0.54,0,0,0,0,0,0.06
20040824,8,0.47,0,1.06,0.4,0.03,0.9,0.4,0.02,0.35,0.46,0.4,0.23,0,0,0.23,0,0.2
20040825,8,0.13,2.09,0.71,0.07,0.23,1,0.14,0.85,0.67,0.51,0,0.31,0.14,0,2.04,1.3,0
20040826,8,0.02,0.22,0.08,0.5,0.29,0.34,0.47,0.77,0.59,0.18,0,1.36,0,0,1.91,0.62,0.02
20040827,8,0,0,0.85,0.22,0.8,0.08,0.23,0,0.9,0.65,0,0,0.49,0,0.41,0.08,0.14
20040828,8,0,0,0,0.04,0.02,0,0.21,0,0.3,0.03,0,0,0.13,0,0,0.05,0.64
20040829,8,1.26,0,0.02,0.04,0,0.02,0.47,0,0,0.05,0,0.04,0.52,0,0.44,0,0.28
20040830,8,0.02,0,1.02,0.63,0.23,0,0.56,0.01,0.68,0.04,0,0.26,2.03,0,0.14,0.35,0.02
20040831,8,0,0,0.84,0,0.19,0,0.27,3.8,0.03,0.53,0,0,1.05,0,2.21,0,0
20040901,9,0,0,0,0,0,0,0,0.05,0,0.1,0.1,0,0,0,0,0.4,0
20040902,9,0,0,0,0,0,0,0,0,0,0,0.02,0,0,0,0,0,0.04
20040903,9,0,0,0,0,0,0,0,0,0,0,0,0.34,0,0.1,0.21,0,0
20040904,9,0,0,0,0,0,0,0,0,0,0,0,0,0,0,0.47,0,0.02
20040905,9,0,0,0,0,0,0,0,0,0,0,0,0,0,0,0,0,0
20040906,9,0,0,0,0,0,0,0,0,0,0,0,0,0,0.02,0,0,0
20040907,9,0,0,0,0,0,0,0,0,0,0,0,0,0,0.02,0,0,0
20040908,9,0,0,0,0,0,0,0,0,0,0,0.02,0,0,0,0,0,0
20040909,9,0,0,0,0,0,0.16,0,0,0,0,0.04,0,0,0,0,0,0
20040910,9,0,0,0.04,0,0.55,0,0.37,0,0.58,0,0.02,0,0,0,0,0,0
20040911,9,0.54,0,0.04,1.74,1.75,0,0.09,0,1.43,0,0.92,0.09,0.28,0,0,0,0.36
20040912,9,0.03,0.02,0.02,0.24,0.01,0.46,0,0.32,0,0.06,0.02,0.44,0,0,0.98,0.1,0
20040913,9,0.11,0,0.32,0,0.16,0.34,0.01,0,0.28,0,0.08,0,0.38,0,0.41,0.24,0.78
20040914,9,0.6,0,0.13,0,0,0.02,0,0.25,0,0,0.56,2.14,2.1,1.9,1.32,0.12,0.08
20040915,9,0,0.02,0.4,0,0.19,0,0.01,3.88,0.2,0,0,0.1,1.46,0,1.18,0.73,0
20040916,9,0,0,0,0,0,0,0,0.16,0,0,0,0,0,0,0.28,0.02,0
20040917,9,0,0,0,0,0,0.04,0,0,0,0,0,0,0.72,0,0.2,0.08,0
20040918,9,0,0,0.06,0,0.22,0.12,0.16,0,0.08,0.45,0.02,0,1.08,0,0,0.26,0.02
20040919,9,0.02,0,0,0.04,0,0,0.05,0,0.01,0.08,0,0.01,0.4,0,0,0.23,0
20040920,9,0,0,0.18,0,0.17,0.18,0.24,0,0.09,2.08,0,0,1.94,0,0,0.5,0.02
20040921,9,0,0,0.31,0.43,0.31,0,0.44,0.12,0,0.23,0,0,1,0,0,0.32,0
20040922,9,0,0.61,2.26,0.71,2.81,0.04,1.29,0,1.67,0,0,0.45,0.01,0,1.3,0.65,0
20040923,9,1.09,0.31,0.64,0.35,0.47,0.1,1.37,0,1.58,1.2,0,1.1,0.01,0,1.45,0,0.16
20040924,9,0.78,0,0.69,0.42,0.32,0,0.12,3.15,0.21,0,0,0.24,0,0,1.6,0,0
20040925,9,0.28,0,0.32,0.51,0.15,0.07,0.29,0.03,0.1,0.1,0,0.84,0,0,1.03,0.05,0.02
20040926,9,0,0,0,0.02,0.01,0,0.04,0,0.08,0.08,0,0.04,0.13,0,0.74,0.17,0
20040927,9,0.03,0,0.06,0.05,0.07,0,0.03,0,0.12,0,0,0.08,0,0,1.12,0.01,0.02
20040928,9,0,0.02,0.68,0.06,0.25,0,0.16,0,0.01,0.06,0,0,0,0,0,0,0
20040929,9,0,0.29,0.04,1.02,0,0.14,0.73,0,0.21,0.01,0,0.45,0,0,0.04,0.03,0
20040930,9,0.01,0,0.03,0,0.02,0.22,0.07,0,0.01,0,0.02,0.08,0,0.02,0.1,0,0.02
20050601,6,0,0,0,0,0.02,0.14,0,0,0,0.03,0,0,0,0,0,0,0
20050602,6,0,0,0.1,0,0,0,0.01,0,0.01,0.44,0,0,0.02,0,0,0.22,0
20050603,6,0.43,0,0.77,0.11,0.27,1.12,0.56,0,0.13,0.84,0,0.4,0.3,0,0,0.07,0
20050604,6,0,0,0.56,0.05,0.65,0,0.37,1.22,0.99,0.09,0,1,0.93,0,1.24,0.89,0
20050605,6,0,0,0.11,0.22,0.36,0,0.57,0.11,0.25,0,0,0.08,0.11,0,0.09,0.51,0
20050606,6,0.58,0,0,0.67,0.33,0,0.2,0.07,0,0.41,0,0.57,0,0,0.77,0.07,0.66
20050607,6,0,0,0,0.53,0,0,0.03,0.05,0,0.22,0,0,0,0,3.06,0,0
20050608,6,0,0.88,0,0.01,0,0,0,0,0,0,0,0,0,0,0.79,0,0
20050609,6,0,2.64,0,0,0,0,0,0,0,0.24,0,0.01,0,0,0.57,0,0
20050610,6,0,1.3,0,0.36,0,0,0,0,0,0,0,0,0,0,0,1.26,0
20050611,6,0,0,0,0,0,0.02,0.01,0,0,0.52,0,0.28,0.13,0.2,0.42,1.87,0
20050612,6,0.16,0,0.52,0,0.16,0,0.01,0.02,0,0.34,0.02,0.36,1.39,0.02,0,0,0
20050613,6,1.99,0,0.02,0,0.12,0,0.03,0.01,0.11,0.74,0.6,0.3,0.69,0.02,0,0,0
20050614,6,0.96,0,0,1.32,0,0.2,0.02,0.25,0,0,0,6.38,0.01,0.22,0.28,0,0
20050615,6,0,0,0,0,0,0.08,0,0.23,0,0,0,0.13,0,0,0.54,0,0.1
20050616,6,0,0,0,0,0.08,0.04,0.01,2.67,0.06,0,0,0,0.01,0,0.08,0,0
20050617,6,0,0,0.01,0.15,0,0,0.07,0,0,0.4,0,0.09,0.54,0,0.13,0,0
20050618,6,0,0,0,0,0,0,0,0,0,0,0,0,0,0,0.1,0,0
20050619,6,0,0,0,0,0,0,0,0,0,0,0,0,0.01,0,0,0,0
20050620,6,0,0,0,0,0,0,0,0,0,0,0,0,0,0,0,0,0
20050621,6,0,0,0,0.28,0,0,1.04,0,0,0.11,0,0,0,0,0,0.9,0
20050622,6,0,0,0,0,0,0,0,0.62,0,0,0.08,0,0,0,0,0.46,0
20050623,6,0,0,0,0,0,0,0,0,0,0,0,0,0,0,0,0,0.5
20050624,6,0,0,0,0.22,0,0.78,0,0,0,0,0.06,0,0,0,0,0,0
20050625,6,0.98,0,0.28,1.99,0.71,0,1.38,0,0.01,1.14,0.28,0,0,0,0.71,0.14,0
20050626,6,0,0,0,0,0,0,0,0,0,0,0,0,0,0,0.25,0,0
20050627,6,0,0,0,0,0,0,0,0.36,0,0,0,0,0.05,0,0,0.37,0.04
20050628,6,0.3,0,0,0,1.02,0.5,0,0.01,0.42,0,0,0,0,0,0.23,0.29,0.22
20050629,6,2.69,0,1.08,0,2.17,0.1,1.92,1.71,1.46,0,0.5,0.72,0,0,0.89,0.05,0
20050630,6,0.33,0.9,1.74,0.09,0.56,0.28,0.45,1.91,0.93,0,0,1.63,0.1,0,1.03,0.05,0.22
20050701,7,0.14,0.93,0.02,3.72,0.14,0.04,0.15,2.91,0.3,0,0,0.81,0.12,0,2.07,0,0
20050702,7,0,0.04,0.04,0,0.18,0,0,0,0.21,0,0,0.18,0,0,0.21,0,0
20050703,7,0,0,0,0,0,0,0,0,0,0,0,0,0.01,0,0,0,1.76
20050704,7,1,0,3.35,0.16,1.26,0.22,0.31,0.21,1.21,0,0.26,1.89,0,0.56,1.44,0,0
20050705,7,0.23,0.6,0.04,1.96,0.06,0.16,0.32,3.95,0.04,0.11,0,1,0,0,1.74,0,0.28
20050706,7,1.49,0,0.79,0,0.45,0.06,0.72,0,0.56,0.72,0,0.04,0,0,1.06,0,0
20050707,7,0.51,0,0,0.89,0,0.04,0.62,1.46,0,0,0,0.73,0,0,2.76,0,0
20050708,7,0.01,0.2,0.23,1.55,1.13,0,0.08,0.82,0.11,0,0,0.24,0,0,0.06,0,0.56
20050709,7,0,0,0,0.06,0,0,0.09,0.17,0,0,0.02,0,0,0,0.55,0,0.6
20050710,7,0.81,0.45,0,0.02,0,0,0,0.95,0,0.12,0,2.7,0,0,1.68,0,0
20050711,7,1.91,2.92,0,0,0.05,0,0,0.12,0.08,0,0,0.29,0,0,1.93,0,0
20050712,7,0.82,0.36,0,0,0,0,0,0.23,0,0,0,0.46,0,0,0.57,0,0
20050713,7,0,0.33,0,0,0,0,0,0.01,0,0,0,0,0,0,0,0,0
20050714,7,0,0,0,0,0,0,0,0,0,0,0,0,0,0,0,0,0
20050715,7,0.04,0,0,0.53,0,0,3.25,0,0,0.2,0,0,0.92,0,0,0.11,0
20050716,7,0.02,0,0,0,0,0,0,0.16,0,0,0,0.43,0.84,0,1.1,0.41,0
20050717,7,0,0,0,0,0,0,0,0,0,0,0,0,0,0,0,1.9,0.54
20050718,7,1.47,0,0.13,0.29,0,0.04,0.11,0.38,0,0,0.14,0.53,0,0.04,2.19,0.01,0
20050719,7,0.01,0.02,0.23,0.27,0.02,0,0.01,0,0,0.15,0,0.19,3.39,0,0.24,0.73,0
20050720,7,0.11,0,0.5,0.65,0.22,0,0.04,0,0,0.86,0,0.61,2.06,0,0.21,0.14,0
20050721,7,0,0,0.01,1.52,0.1,0,0.28,0.18,0,0.16,0,0,0.03,0,0,0.75,0
20050722,7,0,0.04,0.55,0.24,0,0,0.12,0.69,0.09,0,0,0.01,0.04,0,0.13,3.39,0
20050723,7,0.01,0.37,0,0,0,0.38,0,0.03,0,0,0,0.03,0,0,0.48,0.41,0.12
20050724,7,0.92,0,0.34,0.1,0.36,1.08,0.16,0,0.23,0,0,0.28,0.02,0,0.04,0.01,0.38
20050725,7,0.23,0,1.36,0.2,0.64,0.04,0.1,0,0.9,0.26,0,0.85,0.1,0,1.21,1.61,0
20050726,7,0.02,0,0.06,0,0.06,0.38,0.06,0,0.02,0,0,0,0.01,0,1.65,2.28,0
20050727,7,0,0,0.41,0,0.38,0.3,0.74,0,0.31,0,0,0,0.34,0,0.02,0.02,0.18
20050728,7,0,0,0.01,0,0.25,0.02,1.49,0,0,0,0,0,0,0,0,0,0.12
20050729,7,1.51,0,2.05,1.09,0.53,0,0.3,0,2.35,0.25,0,1.89,0,0,0,0,0.18
20050730,7,0,0,3.78,0.56,0,0.92,0,0.01,0.44,0.85,0,0.59,0,0,0,0.37,0
20050731,7,0,0,1.95,0,0.32,0.9,0,0,0.2,1.65,0,0,1.76,0.34,0.38,0.06,0
20050801,8,0.2,0,0,0,0,0,0,0,0,0.46,0.04,0.1,0.12,0.48,0,0.21,0
20050802,8,1.63,0,0,0,0,0.02,0,0.21,0,0,0.26,0.89,0.08,0,0.64,0,0
20050803,8,0.08,3.92,0.37,0.33,1.14,0,0.26,2.27,0.06,0.68,0,0.26,0.27,0,0.43,0.03,0
20050804,8,0,6.96,0,0,0.02,0.68,0,0.81,0,0.13,0,0,0.02,0,0.47,0.63,0
20050805,8,0.13,0.13,0.53,0.47,0.79,0.02,0.47,0,0.32,1.38,0,0.89,1.15,0,0,0.04,0
20050806,8,0,0,0.17,0.21,1.36,0,0.19,5.6,0.14,0,0,0.21,0.61,0,0.53,1.32,0
20050807,8,0,0,1.21,0.15,0.16,0,1.28,0.87,0.4,0,0,0.58,0.28,0,2.34,0.02,0
20050808,8,0,0,0.35,0.12,0.35,0,0.09,0.01,0.61,0,0,0.61,1.18,0,0.45,0,0
20050809,8,0,0,0,0,0,0,0.01,0,0,0,0,0,0.04,0.06,0,1.49,0
20050810,8,0,0,0.01,0.3,0,0,0.03,0,0,0.15,0.1,0,0.2,0.86,0.2,0.38,0
20050811,8,0,0,0.01,0,0.05,0,0,4.54,0.17,0.11,1.14,0,0.23,0,1.83,0.3,0
20050812,8,0.3,0,4,0.5,0.17,0,0.21,0.84,0.25,0,0,0.1,0,0,0,0,0
20050813,8,0,0,0.06,0.05,1.6,0.68,0.09,0.03,0.05,0.27,0,0,0,0,0.78,0.17,0
20050814,8,0.51,0,1.26,0.15,1.71,0.04,0.87,1.79,3.36,0,0,0.78,0,0,2.09,0.1,0
20050815,8,0.68,0.12,0.01,0,0.38,0,0,0.56,0.41,0,0,0.95,0,0,1.27,0.07,0
20050816,8,0,1.45,0,0,0,0,0,0.08,0,0,0,0.59,0,0,0.47,0,0
20050817,8,0,0,0,0,0,0,0,0,0,0,0.06,0,0,0,0,0,0
20050818,8,0,0,0,0,0,0.6,0,0,0,0,0,0,0,0,0,0,0
20050819,8,0.1,0,0.01,0,0.37,0.3,0.73,0,0.13,0,0,0.94,0,0.06,0.1,0,0.18
20050820,8,0.26,0,0.09,0.92,0,0,1.14,1.42,0.03,0,0,0.24,0.05,0,2.4,0,0.06
20050821,8,2.2,3.51,0,0,0,0.06,0,4.19,0,0,0.28,1.4,0,0,0.81,0,0
20050822,8,0.22,1.12,0,1.17,0,0.92,0,1.93,0,0,0,4.29,1.85,0,2.2,0,0.48
20050823,8,0,0.35,0.1,0.44,0.55,0,0.06,0,0.47,0,0,2.12,0.45,0,1.66,0,0.02
20050824,8,0,0,0.08,0,0.16,0.84,0.15,0.01,0,0,0,0,0.11,0,0.02,0,0.5
20050825,8,0.47,0.02,1.28,0.25,0.95,0.08,0.24,0.07,1.1,0.93,0,0.04,1.42,0,0,1.5,1.12
20050826,8,0,0.04,0.02,0,0,0,0,0.49,0,0,0,0,0,0,0.07,0.05,0
20050827,8,0,0.45,0,0,0,0,0,0.14,0,0,0.2,0,0.24,0.06,0.47,0.04,0
20050828,8,0,0.01,0,0,0,0,0,0.54,0,0,0,0.01,0.01,0,0.4,0.1,0
20050829,8,0,0,0,0,0,0,0,0,0,0,0,0,0.14,0,0,0,0
20050830,8,0,0,0,0,0,0,0,0,0,0,0,0,0,0,0,0,0
20050831,8,0,0,0,0,0,0,0,0,0,0,0,0,0,0,0,0,0
20050901,9,0,0,0.03,0,0,0,0,0,0,0,0,0,0.54,0,0,0,0
20050902,9,0,0,0,0,0,0,0,2.24,0,0,0,0,0.65,0,0.5,0,0
20050903,9,0,0,0,0,0,0,0,7.14,0,0,0,0,0,0,1.35,0,0
20050904,9,0,0,0,0,0,1.2,0,0,0,0,0.26,0,0,0,0.56,0,0
20050905,9,0.01,0,0,0,0,0,0,0,0,0,0.5,0,0,1.08,0,0,0
20050906,9,0,0,0,0,0,0.02,0,0,0,0,6.9,0,0,0.18,0,0,0
20050907,9,0,0,0,0,0,0,0,0,0,0,0,0,0.33,1.36,0,0.21,0
20050908,9,0.12,0,0,0,0,0,0,0,0,0,1.82,0,0,0.52,0.06,0,0
20050909,9,0.04,0,0.04,0,0.21,0.79,0,2.76,0.28,0.53,0,0.04,0,0.02,0.52,0,0.18
20050910,9,1.83,0,1.67,0.41,0.21,0.02,0,0.03,0,0,0.82,0.25,0,0,0.7,0,0.32
20050911,9,0.3,0.01,0.45,0.17,0.01,0,0.51,0.74,0,0,0.04,4.68,0,0,0.06,0,0.3
20050912,9,0,0,0,0.17,0,0,0,0,0,0,0,0.48,0,0.18,0.7,0.3,0
20050913,9,0.01,0,0,0,0,0,0.01,0.08,0,0,0,0.96,1.36,0,0.72,0.07,0
20050914,9,0,0,0.08,0,0.09,0.26,0.06,0,0.02,0.01,0,0,0.03,0,0,0.05,0
20050915,9,0,0,1.71,1.25,2.26,0.92,0.77,0,1.13,0.08,0,0,0,0,0,0.27,0.04
20050916,9,1.6,0,0.54,0.45,0.1,0,0.42,1.47,0.55,0,0,0.46,0,0,1.4,0,0.1
20050917,9,0,0.14,0,0.12,0,0,0,4.18,0,0,0,0.12,0.38,0,1.5,0,0
20050918,9,0,0,0,0,0,0,0,2.56,0,0.06,0.16,0,0,0,0.8,0,0
20050919,9,0,1.75,0,0,0,0,0,0.32,0,0,0,0,0,0,0.14,0,0
20050920,9,0,0.78,0,0,0,0,0,0.19,0,0,0,0,0.1,0,0.3,0,0
20050921,9,0,0,0,0,0,0,0,0.01,0,0,0,0,0,0,0,0,0
20050922,9,0,0,0,0,0,0,0,0.07,0,0,0,0,0,0,0,0,0
20050923,9,0,0,0,0,0,0.18,0,0,0,0,0.02,0,0,0,0,0,0.02
20050924,9,0,0,0.04,0,0.24,0.04,0,0,0.01,0,0,0,0,0,0.1,0,0
20050925,9,0,0,0.01,0,0.07,0.02,0.62,0,0.01,0,0.28,0,0.02,1,0.66,0,0.04
20050926,9,0,0.55,0.58,0.1,0,0.28,0,0,0,0,0,0.02,0,0,0.1,0,0
20050927,9,0,0,0.05,0,0.09,0,0.64,1.4,0.18,0.54,0,0.31,0.15,0,0.92,0,0.22
20050928,9,0,0,0.1,0.58,0.33,0.74,0.08,0.16,0.07,0.14,0,0.66,0.07,0,0.2,0.18,0.1
20050929,9,0,0.86,0.51,0.43,0.2,0.2,0.57,6.08,0.3,0.43,0,0.36,0.22,0,3.79,0,0.2
20050930,9,0,0,0.52,0,1.28,0.08,0.37,0,0.22,0,0,0,0.8,0,0.43,0,0.36
20060601,6,0.89,0,0.04,0,0.01,0,0.68,0.01,0.06,0.45,0,0.53,0,0,1.81,0,0
20060602,6,0.64,2.45,0,0,0,0,0,0.01,0,0.02,0,0,0.01,0,2.94,0,0
20060603,6,0,1.13,0,0.33,0.19,0,0.05,0,0,0.06,0,0.27,0,0,1.72,0.03,0
20060604,6,0,0,0,0,0,0.04,0,0.12,0,0,0,0.32,0,0,1.75,0,0
20060605,6,0.01,0,0,0,0,0,0,0.56,0,0.19,0,0.02,0,0,0.15,0,0
20060606,6,0,0,0,0.5,0,0,0,0.21,0,0,0,0,0,0,1.84,0,0
20060607,6,0,0,0,0,0,0,0,0.02,0,0,0,0,0,0,0.16,0.01,0
20060608,6,0,0,0,0,0,0,0,0,0,0,0,0,0,0,0,0.03,0
20060609,6,0,0,0,0,0,0,0,0,0,0,0,0,0,0,0,0,0
20060610,6,0,0.5,0,0,0,0,0,0.07,0,0,0,0,0,0,1.01,0,0
20060611,6,0,0,0,0,0,0,0,0,0,0,0,0,0,0,0,0,0
20060612,6,0,0.03,0,0,0,0.16,0,0,0,0,0,0,0,0.02,0,0,0
20060613,6,0,0,0,0,0,0.18,0,0.49,0,0,0,0,0,0,0,0,0
20060614,6,0,0.11,0.48,0,0.79,0.02,0,0,0.95,0.11,0,0,0,0,0,0.33,0.04
20060615,6,0,0,0.02,0,0.01,0,0.22,0,0,0,0,0,0,0,0,0,0
20060616,6,0.06,0,0,0.13,0,0,0,0,0,0,0.08,0.26,0,0.02,0.03,0,0
20060617,6,0,0,0,0,0,0,0,0,0,0.01,0.22,0.28,0,0,1.01,0,0
20060618,6,2.75,0,0,0,0,0,0.13,0,1.23,0,0.04,0.06,0.55,0,0.34,0,0
20060619,6,0.44,0,0.06,0.64,0.09,0.02,0.21,0,1.39,0,0,0.03,0.87,0,0.3,0,0
20060620,6,0,0,0,0.27,0,0.1,0,0,0,0.04,0,0,0,0,0,0.05,0
20060621,6,0.01,0,0.12,0.18,0.03,0,0,0,0.12,0.05,0,1.34,1.26,0,0.31,0.12,0
20060622,6,0,0,0.01,0,0,0,0,0.46,0,0,0,0,0.71,0,0.88,0.01,0
20060623,6,0,0.04,0,0,0,0.1,0,0,0,0,0,0,0.53,0,0.06,0.35,0
20060624,6,0.06,0,0,0,0,0,0,0,0,0,0.16,0,0.01,0,0.62,0,1.8
20060625,6,1.45,0,1.05,0,1.73,0.2,1.69,0,0.09,0.68,0.78,1.37,0,0.3,0.85,0.77,0.7
20060626,6,0,0,0.02,0,0,0.36,0,0,0,0.52,0,0.06,0.27,0,0,1.3,0
20060627,6,1.02,0,0,0.97,0.01,0,0.48,0,0.01,0,0,1.18,1.55,0,0.65,0.11,0
20060628,6,0.22,0,0,0,0,0,0,0,0,0,0.1,0.03,0,0,2.39,0.06,0
20060629,6,0.08,1.2,0,0.23,0,0,0,2.69,0,0,0,2.27,0,0,1.49,0,0
20060630,6,0,0,0,0.33,0,0,0,0,0,0,0,0,0,0,0.13,0,0
20060701,7,0,0.11,0,0,0,0,0,0.28,0,0,0,0,0,0,0.22,0,0
20060702,7,0,0,0,0,0,0,0,0,0,0,0,0,0,0,0,0,0
20060703,7,0,0,0,0,0,0,0,0.11,0,0,0,0,0,0,0,0,0
20060704,7,0,0,0,0,0,0.14,0,0,0,0,0,0,0,0,0.02,0,2.94
20060705,7,1.49,0,0.02,0,0.62,0.26,0.13,0,0.61,0,2.02,0,0,0.02,0.22,0,0.04
20060706,7,0.01,0,0.05,0,0.12,0,0,0,0.8,0,2.76,0.29,0,0.08,0.65,0,0.12
20060707,7,0,0,0.01,0,0.03,0.02,1.94,0.49,0.02,0,0,0,0,0,0.36,0,0
20060708,7,0,0.07,0,0.36,0,0.24,0.41,0,0.08,0.25,0,0.01,0,0,0.61,0.08,0.02
20060709,7,0,0.08,0.01,0,0,0,0.27,0,0,0.05,0,0,2.08,0,0.66,0,0.02
20060710,7,0,0,0,0,0.01,0.12,0,0,0,0,0,0,0.02,0,0,1.77,0
20060711,7,0,0,0.62,0,0,0,0,0,0.1,0,0,0,0.54,0,0,0,0
20060712,7,0,0.03,0,0,0,0,0,0.16,0,0,0,0.4,0.42,0,0.6,0,0
20060713,7,0,0,0,0.05,0,0,0,2.22,0,0,5.22,0,0,0.02,0,0,0
20060714,7,0.02,0.87,0,0,0,0,0,0.02,0,0,2.78,1.75,0,0,0.12,0,0
20060715,7,0,0,0,0,0,0,0,0,0,0,0.36,0,0,0,0,0,0
20060716,7,0,0,0,0,0,0,0,0,0,0,0,0,0,0,0,0,0
20060717,7,0,0,0,0,0,0,0,0,0,0,0,0,0,0,0,0,0
20060718,7,0,0,0,0,0,0,0,0,0,0,0,0,0,0,0,0,0
20060719,7,0,0,0,0,0,0,0,0,0,0,0,0,0,0,0,0,0.58
20060720,7,0,0,0,0,0,0,0.01,0,0,0,0,0,0,0,0,0.13,0
20060721,7,0,0,0,0,0,0.32,0,0,0,0.1,0,0,0,0,0.25,0.01,0.3
20060722,7,0,0,0.04,0,0,0.12,0.14,0,0.3,0,0.08,0.05,0,0,0.63,0,0
20060723,7,0,0,0,0.01,0,0,0.05,5.13,0,0,0,0.42,0,0,0.76,0,0
20060724,7,0,3.42,0,0,0,0,0,0.6,0,0,0,0,0,0,0.14,0,0
20060725,7,0,0.08,0,0,0,0,0,0,0,0,0,0,0,0,0,0,0
20060726,7,0.06,0,0,0,0.82,0.2,0.16,0,0,0,0,0,0.24,0,1.12,0,0.18
20060727,7,0.01,0,0,0,0.3,0.86,0.29,0.17,0,0,0.44,0,0,0,0,0.03,0
20060728,7,0.88,0,0.11,0.01,0.04,0,1.69,1.35,0.26,0.05,0,0,0.28,0,2.8,0.83,0
20060729,7,0,1.73,0,0.17,0,0.04,0,0,0,0,0,0.38,0.05,0,1.2,0.24,0
20060730,7,0,0,0.64,0.05,0.91,0,2.25,0,0.7,0.2,0,0,0.05,0,0.07,0,0.24
20060731,7,0.24,0,0,0,0,0.04,0,0,0,0.05,1.4,1.16,1.23,0,0.5,0.18,0.26
20060801,8,0.03,4.94,1.48,0.01,0.64,0,1.07,1.25,0.26,1.62,0,0.87,0.01,0,1.6,0,0
20060802,8,0.2,0,1.49,0,0.92,0.06,0.93,0.83,0.67,1.93,0.02,0.05,1.28,0.62,1.89,0,0.94
20060803,8,1.71,1.76,0.79,0,0,0.02,0.01,1.93,0.67,0,0.02,3.5,0,0.1,2.22,0,0
20060804,8,0.83,0,0.84,0.08,2.5,0,0.06,2.64,1.92,0,0,0.01,0,0,0.57,0,0
20060805,8,0.87,0,0,2.39,0.03,0,0.09,0.01,0.03,0,0,0.6,0,0,0.87,0,0
20060806,8,1.5,0.35,0,1.9,0,0,0,0.2,0,0,0,2.08,0,0,2,0,0
20060807,8,0,0.04,0.03,0.19,0,0.02,0.07,0.04,0.16,0,0,0.05,0.11,0,0.89,0,0
20060808,8,0,0,0,0,0,0.04,0,0,0,0.06,0,0.65,0,0,0.15,0,0
20060809,8,0,0,0.31,0,0.19,0,0.14,3.33,0.45,0,0,0,0.96,0,0.7,0,0
20060810,8,0.28,0,0.42,0.23,0.21,0.04,0.14,0,0.09,0.23,0,0.51,0.37,0,0.76,0,0
20060811,8,0.7,0,2.52,0.23,0.03,0,0.03,1.21,1.14,2.54,0.08,0.75,0.35,0,0.85,0,0.02
20060812,8,0.63,0.32,0.73,0.07,0.04,0.22,0,3.23,0.05,1.87,0,0,0,0,1.03,0,0.08
20060813,8,0.92,0,0,0.14,0.14,2.68,0,0.08,0,3.13,0,0.08,0.38,0,0.49,1.42,0.02
20060814,8,0.17,0,1.47,0.27,0.43,0.04,0.86,1.13,3,1.42,0,0,0.35,0.02,1.05,1.8,0.08
20060815,8,0.61,0,0,0.68,0.77,0,0.01,0,1.96,0.21,2.52,0,0.34,2.34,0,0.89,0.02
20060816,8,0.61,0,0.4,0,1.43,0.54,0,0,0.1,0.63,2.38,0,0.01,0,0.16,0.35,0.82
20060817,8,0.73,0,0,0.02,0.97,0.64,0.17,0.02,0.12,0.02,3.66,0.1,0,0,0.4,0,0
20060818,8,0,0,0.57,0.53,0.04,0.22,0.53,0,0.56,0.05,0,0,0,0.02,0.28,0,0.18
20060819,8,0.16,0,0.32,0.01,0.78,0.26,0.01,0.01,0.21,0.05,0,0.73,3.11,0,0,0,0.7
20060820,8,0.03,0.88,2.24,0.1,0.73,0.04,0.38,0,1.06,0.37,0,0.27,0,0,0.56,0.15,0.02
20060821,8,0,0,0.9,0.05,1.4,0.04,0.31,0,1.56,0.4,0,0.71,0.01,0,0.2,4.3,0.08
20060822,8,0.07,0.05,0,0.18,0,0,0.46,0.06,0.43,0.8,0,0.35,0.02,0,0.13,1.82,0
20060823,8,0,0,0,0.03,0,0.94,0,0.01,0,1.45,0,0,0.08,0.12,0,1.82,0.02
20060824,8,0.16,0.01,0.07,0.36,0.08,0,0.02,2,0.24,0,0,0.49,0.34,0,2.54,0,0
20060825,8,0,0.02,0.03,0.26,0.04,0.5,0,0.24,0.25,0,0.04,0,1.26,1.56,0.03,0.5,0.04
20060826,8,1.59,0,0,1.32,0.01,0,0.3,0,0,0.92,0.08,0.01,0,0,0.71,0,0.14
20060827,8,0.31,0.01,0.4,0.15,0.37,0.42,0.4,0.04,1.6,0.09,0,0.76,0.93,0,2.3,1.27,0
20060828,8,0.86,0.99,1.61,0.44,1.89,0.02,0.89,2.92,1,0,0.12,0.69,0.16,0,1.88,0.28,0.2
20060829,8,0.83,0,0.7,0.36,0.5,0.14,0.44,1.12,0.36,1.24,0.4,1.1,0.08,0,0.69,0,0.6
20060830,8,0.03,0,0.72,0.74,0.36,0,0.08,0.23,0.24,0.11,0,1.11,0,0,2.91,0,0.02
20060831,8,0,0,0.01,0,0,0,0.02,0,0,0.31,0,0,0,0,0,0,0
20060901,9,0,0,0,0,0,0.02,0,0,0,0.14,0,0,0,0,0,0,0
20060902,9,0.11,0,0.03,0,0,0.1,0.29,0,0,0.56,0,0,1.69,0.2,0,0.24,0
20060903,9,0,0,0.48,0.2,0.22,0,0.9,0,0.34,0,0,0,2.05,0,0,0.63,0
20060904,9,0,0,0,0,0,0,0,0,0,0,0,0,0,0,0,0,0.02
20060905,9,0,0,0,0,0,0,0,0,0,0,0,0,0,0.02,0,0.03,0
20060906,9,0,0,0,0,0,0,0,0,0,0.05,0,0,0.45,0.08,0.2,0.32,0
20060907,9,0,0.01,0.02,0.17,0.13,0,0,0,0,0.11,0,0.74,0.02,0.08,2.4,0.55,0
20060908,9,0,0.02,0,0,0,0,0,0.05,0,0,0,0,0,0,0.2,0.18,0
20060909,9,0,0,0,0,0,0,0,0,0,0,0,0,0,0,0,0,0
20060910,9,2.42,0,0,0,0,0,0,0,0,0,0,0,0,0,0,0,0
20060911,9,0,0,0,0,0,0.18,0,0,0,0,0,0,0,0.02,0,0,0
20060912,9,0.4,0,0,0,0,0.46,0,0,0,0,0,0,0,0.66,0,0,0
20060913,9,0,0,0,0,0,1.62,0,0,0,0,1,0,0,3.66,0,0,0
20060914,9,0.12,0,0,0,0,0.24,0,0.06,0,0,4.32,0,0,0.62,0.05,0,3.86
20060915,9,0.17,0,0,0,0,0,0,2.73,0,0,0.86,0.06,0,0,1.22,0,1.56
20060916,9,0,0.44,0,0,0,0,0,1.05,0,0,0.06,0,0,0.64,0.23,0,0.02
20060917,9,5.78,0.12,0,0,0.47,0,0,6.82,0,0,0,0,0,0,0.25,0,0.02
20060918,9,0.9,0.52,0.07,0,0.5,0,0,0.07,1.03,0,0,0.24,0,0,1.61,0,0
20060919,9,0,0.71,0.26,0,0.07,0,0.13,0.01,0.03,0.05,0,1.24,0,0,1.01,0.01,0.08
20060920,9,0,0.14,0,0,0,0,0,0,0,0,0,0,0.21,0,0,0,0
20060921,9,0,0,0,0,0,0.34,0,0,0,0,0,0,0,0.02,0,0,0.26
20060922,9,0,0,0,0,0,1.56,0,0,0,0,0,0,0,0,0,0,0.68
20060923,9,0.04,0,0,0,0,0.5,0,0,0,0,0.16,0,0,0.36,0,0,0.04
20060924,9,0.97,0,0,0,0,0.06,0,0,0,0,3.88,0,0.2,0.22,0,0,2.24
20060925,9,2.66,0,0,0,0,0.54,0,0,0.09,0,0,0.06,0,0,0,0,0.28
20060926,9,0.13,0,0,0,0.12,0,0.02,0,0,0,0,1.22,0.36,0,0.78,0,0
20060927,9,0,0,0,0.29,0,0,0,0,0,0.35,0,0.09,0.16,0,0,0,0.02
20060928,9,0,0,0,0,0,0.48,0,0,0,0.05,0,0,0.33,0,0,0,0
20060929,9,0.29,0,0,0,0.52,0.58,0,0,0.02,0,0.08,0,0.24,0.02,0,0,0.02
20060930,9,3.78,0,0,0.5,0.09,1.14,0,0,0.31,0.5,2.48,0.18,3.53,0.02,0,0.3,0.4
20070601,6,0.84,0,0,0,0,0,0,0.2,0.03,0.18,0.48,0.66,2.16,0,0.19,0,0
20070602,6,0.54,0.78,0,0,0,0,0.05,0.33,0,0.05,0,0,0,0,0.58,0,0.02
20070603,6,0,0,0,0.01,0,0,0,0,0,0,0,0,0,0,0.23,0,1.74
20070604,6,0.04,0.62,0,0,0,0,0,0.09,0,0,0.54,0,0,0,0.58,0,0.4
20070605,6,0,0.54,0,0,0,0,0,0.45,0,0,0.28,0,0,0,0.22,0,0
20070606,6,0,0.35,0,0,0,0,0,0.08,0,0,1.1,0,0,0,0.14,0,0
20070607,6,0.01,0,0,0.23,0,0,0,0.64,0,0,0,0,0,0,0,0,0
20070608,6,4.56,0,0.13,0,0,0,0,0.36,0.08,0,0,0.04,0,0,0,0,0
20070609,6,0.23,0,0.26,0.25,0.17,0,1.29,0,3.8,0,0,0,0,0,0.16,0.01,0
20070610,6,0.34,0.22,1.41,0,0.21,0,1.01,2.6,0.25,0,0,0,0,0.02,0.77,0.1,0.02
20070611,6,0.57,0,0,0,1.49,0,0,0,0.94,0,0,0.12,0,0,0.28,0,0.02
20070612,6,0,0,0.04,0.31,0,0,0.06,0.34,0,0,0,1.16,0,0,0.14,0,0
20070613,6,0,0,0,0,0,0.18,0,0,0,0,0.1,0.11,0.03,0,0.06,1.42,0
20070614,6,1.83,0,1.25,0,1.34,0.4,0.56,0,3.19,0,3.36,0,0.05,0.14,0.22,0.03,2.64
20070615,6,2.02,0,0.06,2.98,1.01,0.18,0.98,1.96,0.15,0.15,0.26,1.98,0,0.46,0.22,0,0.08
20070616,6,0.18,0,0.17,0.64,0.24,0.48,0.02,0,0.63,2.37,0.02,0.07,0,0.02,0.24,0.1,0.04
20070617,6,1.75,0,0.03,0.21,0.58,0.12,0.39,0,0.54,0,0.02,0.19,0.09,0,0,1.32,2
20070618,6,0.9,0,0.67,0.37,0.08,0.14,0,0,0.43,0,0.02,0,0.08,0.04,0.62,0.12,1.22
20070619,6,0.3,0,0,0,0.12,0.26,0,0,0.11,0,0,0,0,0,0,0.07,0.18
20070620,6,0.81,0,0.12,0,0,0,1.79,0,0.5,0.02,0,0.03,0,0,2.55,0,0
20070621,6,1.56,2.26,0.66,1.15,1.7,0.38,0.29,0,0,3.1,0,0,0.4,0,3.21,0,0.32
20070622,6,0.48,0,0.68,0,0.02,0.04,0.02,0.07,0.09,0.92,0,0.2,3.77,0,1.21,0.06,0.78
20070623,6,0.01,0,1.41,0.31,0.7,0.38,0.2,0,0.44,0,0,0,2.36,0,0.4,0.46,0.18
20070624,6,0,0,0.55,0,0.09,0.94,0.03,0,0.03,0,0,0.03,0.82,0,0,0,0.8
20070625,6,1,0,0.31,0.68,0.52,0.36,1.63,0,0.18,1.56,0.02,2.07,0,0,0.16,0,0.14
20070626,6,0.19,0,0.24,0.34,0.25,0.02,0.17,0,0.3,0.14,0,0,0.35,0,3.72,0.08,0.04
20070627,6,0.14,0,0.24,0.02,0.02,0.46,0.1,0.37,0,3,0,0.11,0,0,1.7,2.7,0.02
20070628,6,0.01,0,0.14,0.05,0.03,0.28,0.16,0,0,0,0,0,2.11,0,0,0.05,0
20070629,6,0,0,0.4,0.07,0.11,0.56,0.14,0.47,0.18,0.73,0,0.01,0.14,0,1.44,0,0
20070630,6,0,0,0.24,0,0,1.2,0,0,0,0.04,0,0,0.32,0,0.02,0.18,0.22
20070701,7,0.39,0,0.78,0,0,0.02,0.1,0,0,0.49,1.16,1.59,0,0.12,0.21,0.35,0.08
20070702,7,0.73,0.06,1.03,0.56,0.7,1.2,0.16,2.21,0.85,1.29,0,1.69,0.75,0,1.02,0,0.64
20070703,7,0.78,0,0.09,0.21,0.52,0.5,0.4,0.46,0.32,0.49,0,1.77,2.33,0,1.57,0.08,0.68
20070704,7,0.92,0.4,2.69,0.22,0.97,0.36,0.28,6.26,1.91,1.11,0,0.94,0.87,0,3.06,0.15,0.38
20070705,7,0,0.04,2.74,0.8,0.88,0.06,0.24,0,0.52,7.69,0,0.11,1.51,0,1.52,0,0.16
20070706,7,0,0,0.35,0.06,0,0,0.2,0,0.05,0.95,0,0,0.02,0,0,0.01,0
20070707,7,0,0,0,0,0.09,0,0.03,0,0,0.04,0,0,0.01,0,0.02,0.27,0
20070708,7,1.62,0,0.07,0.37,0.23,0.02,0.35,0,0.15,0,1.82,0.18,3.13,0.14,2.87,0.45,0.06
20070709,7,0.55,0.06,0.02,0.06,0.21,0.78,1.17,0.08,0.36,0,0,2.07,3.3,0,2.7,0.74,0.52
20070710,7,0.16,0.5,0,0.25,0,0,1.1,0.8,0.82,0,0,0.5,0.3,0,1.17,0,0.48
20070711,7,0.49,0,0.33,0.34,0.09,0,0.77,0,0.01,0.95,0,0.47,0.64,0,0.73,0,0
20070712,7,0,0,0.06,0,0.12,0,0,0.03,0.01,0.04,0,0.02,0.45,0,0,0.4,0
20070713,7,0,0,0,0.02,0,0.12,0.01,0,0.03,0,0,0,0,0,0,0.08,0
20070714,7,0,0,0,0,0,0,0,0,0,0.05,0,0,0.89,0,0,0.46,0
20070715,7,0,0,0,0,0,0.1,0,0,0,0,0,0,0,0,0,0,0
20070716,7,0.33,0,0.39,0.94,0.27,0.14,0.01,0,0.23,0.05,0,0,0.09,0,0,0,0.5
20070717,7,0.05,0,0.04,0,0,0.28,0,0,0.31,0,0,0.05,1.59,0,0,0.13,0
20070718,7,0.07,0,0,0.09,0,0.02,0,0,0.02,0,0,0.41,0.14,0,0,0.11,0
20070719,7,1.52,0,0,0,0,0.76,0.04,0,0,0,0,4.14,0,0,0,0,0
20070720,7,0.32,0,0.67,0.89,1.15,3.58,1.22,0,1.46,0.07,0,1.16,0,0,0,0,0
20070721,7,0.34,0,0,1.2,0,1.26,1.57,0,0.35,0,0.12,4.31,0.03,0.2,0,0,0
20070722,7,0,0,1.12,0.48,0,0,0.17,0,0.3,4.7,0,0.08,0.17,0,0.87,0,0.46
20070723,7,2.16,0,0.96,0.2,0.46,0.32,0.3,0,0.22,0,1.26,0.46,0.15,0,0,0.62,2.22
20070724,7,0.15,0,0.43,0.31,0.23,0,0.71,0.99,1.2,0.88,0,0.09,0.1,0,2.81,0.03,0
20070725,7,0,0,0,0,0,0.04,0,0,0,0.1,0,0,0,0,0,0,0
20070726,7,0,0,1.05,0,0.43,0.66,0.05,0,0,1.45,0,0,0.94,0,0,0,0
20070727,7,0,0,0,0,1.67,0,1.1,0,0.05,0.75,0,0.02,0.15,0,0.31,0.68,0.02
20070728,7,0,0.05,1.29,0.44,0.52,1.3,1.18,0.14,1.69,0.23,0,0.45,0.12,0,0.87,0,0.04
20070729,7,1.32,0.31,1.77,1.1,2.39,0,1.58,0,1.82,0.07,0,1.49,0.03,0,1.15,0.51,0.48
20070730,7,0,0.22,0.18,0.09,0.28,0,0.09,3.79,0.29,0.84,0,0,0.45,0,0.2,0,0
20070731,7,0,0,0,0,0,0,0,0,0,0,0,0,0,0,0,0,0
20070801,8,0.32,0,0,0,0,0,0,0,0,0,0.02,0.14,0.52,0,0,0,0
20070802,8,0.19,0,0,0.03,0.51,0.04,0.4,0,0.91,0.3,0.22,0,0.17,0,1.13,0.07,0
20070803,8,0.01,0.05,0,0,0,0,0.03,1.69,0,0,0,0.22,0,0,0.88,0.05,0
20070804,8,0,0,0,0,0,0,0,0,0,0,0,0,0,0,0,0,0
20070805,8,0,0,0,0,0,0,0,0,0,0,0,0,0,0,0,0,0.16
20070806,8,2.42,0,0.03,0,0.09,0,0,0,0.12,0,1.86,0,0,0.44,0,0,0.32
20070807,8,2.34,0,0,0.9,0.33,0.34,0.86,0,0.07,0,0,3.35,0,0.5,0.88,0,0.02
20070808,8,7.57,0,0.03,0,1.67,0,0.4,0.06,0.01,0,0,1.38,0.01,0,1.12,0.6,0.02
20070809,8,0.63,0,0.16,0.05,3.68,0,1.17,0.2,5.87,0.02,0.04,0.07,0,0,0.71,0.02,0
20070810,8,0.24,0.93,0,0,0.01,0,0.31,0.74,0.04,0.55,0,0.75,2,0,0.13,0.61,0
20070811,8,0,2.64,0,0.24,0,0,0,0.24,0,0.58,0,3.7,1.25,0,0.59,0,0
20070812,8,0,0.18,0.31,0,0.51,0,0,0,0.8,0,0.02,0,0.19,0,0,0,0
20070813,8,0.03,0,0,0,0,0.62,0,0.23,0.06,0,0.12,0,0,0,0.89,0,0
20070814,8,0,0,0.76,0,0.03,0.6,0.07,0,0.08,0,0,0,0.47,0,0.31,0,0.36
20070815,8,0.01,0,0.43,0.12,0.21,1.24,0.75,0,0.21,0.93,0.52,0.01,1.36,0,0,0.05,0.5
20070816,8,0.09,0,0.92,0.59,0.36,0,0,0,0.35,0.33,0.06,1.54,0,0,0.04,0.08,0.02
20070817,8,0,0,0.45,0.01,0.01,0.04,0.05,0.04,0.27,0,0,0.01,0,0,1.88,0,0.02
20070818,8,0,0,0,0,0,0.58,0,0,0,0,0,0,0,0,0.08,0,0.18
20070819,8,1.47,2.88,0,0.38,0.03,0.16,0.01,0.02,0.26,0,0,0.04,0.07,0,0.63,0,0.56
20070820,8,0.28,1,0.39,3.5,0.18,0.04,0.11,0.56,0.59,0.26,0.38,0.9,0,0.62,1.1,0,2.2
20070821,8,0.05,0.06,0.4,0.43,3.59,0.04,3.38,0.7,2.23,0,0.42,1.17,0,0,0.3,0,0.54
20070822,8,0.13,0,0,0.1,0.34,0.2,0.25,1.18,0.56,0.9,0,0.01,0,0.02,0.1,0.01,0.98
20070823,8,0,0.02,0.09,0.15,0.09,0.18,0.06,0.61,0.07,0.71,0,0.2,0,0.12,0.6,0,0.84
20070824,8,0,0,0,0,0,0.02,0,0,0,0,0,0,0,0,0,0,0.02
20070825,8,0,0,0,0,0,0,0,0,0,0.03,0,0,0,0,0.49,0,0
20070826,8,0,0,0,0,0,0,0,0,0,0.02,0,0,0,0,0,0.2,0
20070827,8,0,0,0,0,0,0,0,0,0,0.18,0,0,0.02,0,0,0.01,0
20070828,8,0.97,0.12,0,0,0,0,0,0.24,0,0.03,0,0.38,0,0,0.48,0,0.06
20070829,8,2.69,1.25,0,0,0,0,0,1.33,0,0,0.06,1.32,0.08,0,2.53,0.01,0
20070830,8,0.22,0.75,0.01,0,0,0,0.03,0.18,0,0,0,0,0,0,1.06,0,0
20070831,8,0,0,0.24,1.57,0.74,0,0,0,0.38,0.44,0,0.06,0,0,0.12,0,0
20070901,9,0,0,0,0,0,0,0.01,0,0,0,0,0.12,0.07,0,1.35,0.09,0.02
20070902,9,0,0,0.6,0,0.68,0.04,0.27,0,0,0.59,0,0,0,0,0.01,0.02,0.02
20070903,9,0.55,0.1,1.41,0.68,0.1,0,0.97,3.02,0.82,0,0,1.15,0,0,1.67,0.01,0.02
20070904,9,0,0.71,0.2,1.03,0.01,0,0.27,1.26,0.12,0,0,0.94,0,0,2.09,1.91,0
20070905,9,0,0.57,0.17,0,0.12,0,0,0,0.14,0.09,0,0.3,0.04,0,1.47,0,0
20070906,9,0.01,0.05,0,0.02,0.05,0,0.02,0.04,0.1,0,0,2.18,0.02,0.04,0.85,0,0.04
20070907,9,0,0.01,0,0.18,0.01,0,0.02,0.01,0.09,0,0,0.19,0.01,0,0.5,0.14,0
20070908,9,0,0,0.11,0.55,0.25,0,0.05,0,0,0,0,0.04,0,0,0.36,2.14,0
20070909,9,0,0,0,0,0,0,0.01,0,0,0.86,0,0.14,0.86,0,1.41,0.05,0
20070910,9,0.02,0.7,1.87,1.34,0.69,0,1.05,1.49,0.34,1.17,0,0.65,0.01,0,1.16,0.2,0
20070911,9,0,0,0.03,0.4,0,0,0.07,0.02,0.02,0,0,0.19,0,0,1.99,0.08,0
20070912,9,0,0,0,0,0,0,0,0,0,0,0,0,0,0,0,0.03,0
20070913,9,0,0,0,0,0,0,0,0,0,0,0,0,0,0.54,0,0,0
20070914,9,0,0,0.02,0.06,0,0,0.01,0,0,0.22,0,0.03,0.21,0.22,0.14,0.08,0.02
20070915,9,0,0,0,0,0,0.02,0,0,0,0,0,0,0.06,0,0,0,0
20070916,9,0,0,0,0,0,0,0,0,0,0,0,0,1.71,0.02,0,1.41,0
20070917,9,1.78,0,1.03,0,1.27,0,1.6,1.52,0.91,0.07,1.88,0.61,0,1.44,0.11,0,0.26
20070918,9,0.12,0.06,0.36,0.9,0.09,0,0.8,6.62,0.78,0.15,0.1,0.52,0,0,2.03,0,0
20070919,9,0,0,0.03,0,0.02,0.06,0.01,0,0.06,0.4,0,0,0.75,0,0,0.09,0
20070920,9,0,0,0.58,0,0,0.06,0,0,0,0.7,0,0,0,0,0,0.13,0
20070921,9,0,0,0,0,0,0.02,0,0,0,0,0.02,0,0,0,0,0.28,0.04
20070922,9,0,0,0,0,0,0,0,0,0,0,0,0,0,0,0,0,0.98
20070923,9,0,0,0,0,0,0.92,0,0,0,0,0,0,0.02,0,0,0,0
20070924,9,0.14,0,0.31,0,0.15,0,0.67,0,0.16,0.11,0,0.33,1.06,0,0,0,0.12
20070925,9,0,0,1.43,0.18,0.12,0.02,0,0.01,0.01,0.77,0,2,0.41,0,0,0,0.82
20070926,9,0.5,0.14,0.21,0.76,0,0.02,0.27,2.63,0.15,0.09,0.04,1.52,0,0,1.1,0,0.04
20070927,9,0.46,0.02,0,1.07,0.5,0,1.96,3.71,2.3,0,0.3,0.35,0,0,0.95,0,0
20070928,9,0.21,0.57,0.82,1.68,0,0.34,2.35,1.42,0.46,0.74,0,2.21,0,0,0.62,0,0
20070929,9,0.18,0,0.48,0,0.24,0.02,1.28,0.22,0.34,0.72,0.48,0,1.29,0,0.05,0.58,0
20070930,9,0,0,0.02,0,0,0.22,0,0,0,0.4,0.04,0,0.32,0,0,0.18,0.04
20080601,6,0,0.07,0.01,0.15,0,0,0,0,0,0,1.56,0,0,0.44,0.65,0,0.28
20080602,6,0,0,1.96,0,1.65,2.04,0.23,0.04,1.75,0,0.3,0.01,0,0,0.22,0,0.08
20080603,6,0.38,0,0.25,0.13,0,0.66,0.23,0.69,0.14,0,0,0,0,0,1.04,0,0
20080604,6,0.06,1.13,0,0,0.39,0.02,0.02,1.57,0.29,0,0,3.3,0,0,0.87,0,0.02
20080605,6,0.1,0,0,0,0.02,0,0,2.69,2.56,0,0.06,0.58,0,0,0.64,0,0
20080606,6,0.12,0.36,0,0,0.01,0,0,0.56,0,0,0.04,4.33,0,0,0.49,0,0
20080607,6,0.07,1.91,0,0,0,0,0,0.77,0.74,0,0,0.49,0,0,1.59,0.03,0
20080608,6,0.01,1.47,0,0.16,0,0,0,0.06,0,0,0,0,0,0,0.22,0,0
20080609,6,0,0.1,0,0,0,0,0,0,0,0,0,0,0,0,0.02,0.05,0
20080610,6,0.54,0,0,0,0,0,0,0,0,0,0.52,0,0,0,0.41,0,0
20080611,6,0.33,0.62,0,0,0,1.08,0,0.03,0,0.13,0,0.35,0,0,1.27,0.39,0
20080612,6,0.31,0,0.66,0.58,1.75,0.12,1.8,0.28,2.37,0.06,0,1.06,0,0,0.5,0,0.3
20080613,6,0.07,0,0,0.22,0.08,0,0.14,1.11,0.01,0,0,0.28,0.56,0,0.96,0.59,0
20080614,6,0,0.83,0.24,0,0.92,0,0.18,0.99,0.01,0,0,0.04,0.01,0,0.25,0.4,0.12
20080615,6,0.7,0.01,0.07,0.19,0.13,0,0.02,0.05,0.12,0.25,0,0.08,0.78,0,0.25,0,0.1
20080616,6,0.46,0,0,0.23,0,0,0,0.09,0,0.67,0.98,0.4,0.02,0.04,0.25,0,0.08
20080617,6,0.24,1.27,0,0,0,0,0,4.33,0,0,0.64,0.08,0,0.32,1.34,0.2,0
20080618,6,0,1.61,0,0,0,0.04,0,0.07,0,0,0.02,0.26,0.08,0,0.08,0,0
20080619,6,0,0,0.14,0.12,0.59,0,0.14,0,0.11,0.09,0,0,1.09,0,0.22,0.09,0
20080620,6,0,0,0,0.07,0.09,0.28,0.29,0.38,0.1,0.06,0,0,0.06,0,0.52,0.13,0
20080621,6,0,0,0,0,0,0.12,0.14,0,0.03,0,0,0,0,0,0,0.29,1.1
20080622,6,0.05,0,0,1.38,1.9,0,0.27,0,0.95,1.1,0,0.25,1.38,0,0,1.5,0
20080623,6,0,0,0,0,0,0,0,0,0,0,0,0.56,0.71,0,1.01,0.12,0.4
20080624,6,0,0.05,0,0,0,0,0.01,0,0,0,0,0.01,0,0,0.33,0,0.02
20080625,6,0,1.4,0,3.04,0.44,0,2.46,0,0.64,0,0,0.98,0,0,0.16,0,0
20080626,6,0,0.41,0,0,0.1,0.06,0,0,0,0.02,0,0.01,0.22,0,0.58,0,0
20080627,6,0,0.04,0.32,0.08,0.02,0.14,0.06,1.8,0.24,0.16,0,0.03,0.18,0,0.27,0,0
20080628,6,0,0,0.32,0,0.01,0,0.02,0,0.03,0.05,0,0,0,0,0,0,0.02
20080629,6,0,0,0,0,0,0,0,0,0,0.02,0,2.01,0.05,0,1.04,0.08,0
20080630,6,0,0.03,0,0,0,0,0,0,0,0,0,0.04,0,0,0.14,1.77,0
20080701,7,0,0,0,0,0,0,0,0,0,0,0,0,0,0,0,0.65,0.2
20080702,7,0.78,0,0.33,0,2.86,0.02,0,0,1.97,0,0.92,0.4,0,0,0.59,0,0.62
20080703,7,1.51,0.08,0.08,2.18,0.67,0.18,0.05,0,0.49,0,2.24,0.66,0,0,1.13,0,0.08
20080704,7,0,0,0,0.71,0.22,0,0.01,0.58,0,0,0,0,0,0,0.13,0,0.02
20080705,7,0,0,0.04,0,0,0,0,0,0.19,0,0,0,2.7,0,0,0.04,0.02
20080706,7,0.67,0.2,0.32,0.46,0,0.48,0.01,1.25,0,1,1.14,0.14,5.6,0.12,1.06,0.11,0
20080707,7,0,0.85,0.96,0,0.45,1.58,0.13,3.29,1.28,0,0,0.56,0.15,0,0.98,1.32,0.1
20080708,7,0.14,0.04,1.83,0.22,0.37,0.34,0.2,0.94,0.53,0.47,0,0,0,0,0.26,0.03,0
20080709,7,0,0,1.17,0,0.45,1.68,0.15,0,0.65,0,0,0.1,0,0,0,0,0
20080710,7,0,0,0.67,0.17,2.47,0,0.34,0,1.33,1.03,0,0,0.18,0,0,0,0.52
20080711,7,4.77,0,0.37,1.41,0.06,0.6,0.08,0,0.16,0.06,2.76,1.88,0.01,0.34,0.3,0.13,0.42
20080712,7,1.27,0,0.42,0.06,0.06,0.1,0.12,0.07,0.05,0,1.02,0.99,0,0.86,1.01,0,0
20080713,7,1.03,0.68,0.02,0.58,0,0,0,2.85,0,0,0,2.01,0.01,0,1.27,0,0
20080714,7,0,2.46,0,0,0,0,0,0.81,0,0,0,0.91,0.03,0,1.65,0.29,0
20080715,7,0,0.02,0.01,0,0,0,0.01,0,0,0,0,0,0.35,0,0,0,0
20080716,7,0.34,0,0.04,0.14,0.81,0,0.46,0,0.72,0,0,2.07,0.2,0,0,0,0
20080717,7,0.7,1.92,0.7,0,0.27,0,0.07,3.13,0.19,0.06,0,0.9,0.02,0,1.38,0.48,0
20080718,7,0,0,0.08,0.17,0.26,0.02,0.14,1,0,0.05,0,0.08,0,0,0.18,0,0
20080719,7,0,0,1.31,0.42,1.73,0,0.46,0,0.12,0.3,0,0.11,0.89,0.1,0,0.5,0
20080720,7,0,2.25,0.43,0.2,0.75,0,0.02,2.94,0.5,0,0.4,0.46,2.53,0,2.73,0,0
20080721,7,0,0,0.89,0.58,0.58,0,1.07,0.1,0.63,0,0,0.09,0.09,0,0.7,0.4,0
20080722,7,0,0.7,0.01,0.03,0,0,0.01,0.18,0.02,0,0,0.26,0,0,1.97,0,0
20080723,7,0,1.28,0,0,0,0,0.01,0,0,0,0,0,0,0,0.69,0,0
20080724,7,0,0.13,0,0.11,0,0,0,0,0,0,0,0,0,0,0,0,0
20080725,7,0,0,0,0,0,0,0.01,0,0,0,0.18,0,0,0,0,0,0.72
20080726,7,0.04,0,2.74,0,0.5,0,0,1.39,3.42,0,0.02,0,0,0,0.82,0,0
20080727,7,0,0,0,0,0,0,0,0.23,0.14,0,0,0,0,0,0.34,0.21,0
20080728,7,0,0,0.08,0,0,2.64,0,0,0.53,0,0,0,0,0,0.02,0,0.06
20080729,7,0,0,0.18,0,1.08,0,2.98,0,0,0,0,0,3.15,0,0.3,0,0
20080730,7,0.01,0,0,0.01,0,0.02,0.01,0,0,0,0,0,0.03,0,0.96,0,0
20080731,7,0.01,0.17,0,0,0,0.02,0.01,0,0,0,0,0,0,0,0.11,0,0.2
20080801,8,0.09,0,0.97,0.02,0,0.04,0,0,0.03,0.02,0.12,1.18,0,0,1.39,0,0.12
20080802,8,0,0,0.11,0.29,0.01,0.14,0,0.17,0.07,0.02,0,0.05,0.65,0,0.05,1.12,0.38
20080803,8,0,0,0.87,0,4.2,0.4,0.25,0,3.59,1.28,0,0,0.25,0,0,0.26,0.34
20080804,8,0.28,0.37,0.33,0.34,0.03,0.08,0.04,0,0.11,2.39,0,0.42,0.24,0,0.26,3.88,0.22
20080805,8,0,0,0.02,0,0,0.12,0.01,1.89,0,0.11,0,0,0.28,0,0,1.09,0
20080806,8,0,0,0.02,0,0,0,0.01,0,0,0,0,0,0.84,0,0.16,0,0.4
20080807,8,0.19,0,1.27,2.6,0.58,0.16,0.05,0,0.65,0.01,0.06,0.2,0.05,0,1.25,3.32,0.18
20080808,8,0.25,0.85,1.04,0.18,0.48,0,1.12,6.22,2.38,0.46,0,0.36,0,0,2.09,0.18,0.08
20080809,8,0,0.16,0.1,0,0.13,0.46,0.18,0,0,0.57,0,0.05,0.59,0,0.36,0.69,0
20080810,8,0.02,0,0.24,0.06,0.56,0.28,0.12,0,0.26,0.26,0,0,0.25,0,0,0.37,0.1
20080811,8,2.66,0,0,1.25,0,0.76,0.65,0,0,0.09,6.04,0.81,1.3,0,0,0.28,0.44
20080812,8,3.31,0,0.22,0.29,0.26,0.54,0.15,0,0.63,0.4,15.4,0.63,2.38,0.6,0.05,0.61,0
20080813,8,0,0,0.35,0,0.99,0.12,0.12,1.11,0.99,0.8,0,0.03,3.05,0,0.05,0,0
20080814,8,0.84,0,0.01,0.12,0,0,0,0,0,0.14,0.58,1.53,0.02,0.04,0.66,0.05,0.04
20080815,8,0,0,0.4,1.41,0,0,0.01,4.24,0,0,0,1.29,0,0,2.51,0,0
20080816,8,0,0,0,1.03,0,0.04,0,0.12,0,0,0.02,0,0,0,0.46,0,0
20080817,8,0.19,0,0.9,0,0,0.56,0,0,0.02,0.14,0.06,0,0,0,0.04,0.4,0
20080818,8,0,0,1.32,0,0.1,0.04,0.1,0,0.05,0.06,0,0,0.01,0,0,0.05,0
20080819,8,0.96,0,0.45,0.81,0.01,0.04,0,0,0,0.02,0.52,1.29,1.44,0,0.02,0.1,0
20080820,8,0,0,0.57,0,0.04,0.44,0.02,0,0.03,0.34,0,0,1.55,0,1.06,0.13,0
20080821,8,0,0,0.18,0,0.08,0.16,0,0,0.04,0.2,0,0,3.55,0,0,1.65,0.28
20080822,8,0.31,0,0.64,0.24,1.76,0,1.21,0,1.1,0.7,0.28,1.29,0,0,0.02,0.02,0.22
20080823,8,0.11,0.63,1.32,0.2,0.03,0.26,1.16,3.83,2.33,3.35,0,0.36,0,0,2.88,0,0
20080824,8,0,0,0.03,0.59,0.12,0,0.12,0,0.12,0.01,0,0,0,0,0,0,0.14
20080825,8,0,0,0,0.47,0.07,0,0.16,0,0.02,0.01,0,0.15,0.29,0,0,0,0
20080826,8,0,0,0,0,0,0,0,0,0,0.3,0,0,1.15,0,0,0.33,0.02
20080827,8,0,0,0.01,0,0,0,0,0,0,0.49,0,0,0.06,0,0,0.66,0.02
20080828,8,0,0,0,0,0,0,0.05,0,0,0.27,0,0,0,0,0,0.11,0
20080829,8,0,0,0,0.01,0,0,0,0,0,0,0,0,0,0,0,0.08,0
20080830,8,0,0,0,0,0,0.46,0,0,0,0,0,0,0,0,0,0,0.32
20080831,8,0.33,0,0,0,0,1.34,0,0,0.04,0,1.1,0,0.01,0.02,0.6,0,0
20080901,9,0.86,0,0,0.13,0,0.88,0.2,0,0,0.03,0,0.6,0.1,0,0.45,0.06,0
20080902,9,0,0,0.75,0,0.1,0.04,0.19,0.01,0.23,0.02,0,0,0.8,0,0,0.05,0.44
20080903,9,1.48,0,0.02,0.73,0.04,0,0.78,0,0,0.03,12.8,0.49,0,0,0.25,0.21,0.48
20080904,9,0.88,0,0,0,0,0.38,0,0.6,0,0,3.72,0.15,1.35,0,0.24,0,0.36
20080905,9,0,0,0.42,0,0.61,1.18,1.07,0.04,0.09,0.7,0,0,0,0,0,0.01,0.38
20080906,9,0.47,0,0.06,2.73,0.04,0.28,0.04,0,0,0.05,1.6,0.01,0,0.14,0,1.18,0.02
20080907,9,0.01,0.65,0.66,0.01,0.21,0,0.01,0.1,0.09,0.1,0.02,0.57,1.6,0,2.2,0,0.12
20080908,9,0,0.48,0.67,0.04,0,0.02,0,0.64,0.08,0,0.04,0,0.14,0,0,0.25,0
20080909,9,0,0,0.29,0,0.01,0.44,0.03,0,0,0,0,0,0,0,0,0.21,0.18
20080910,9,0,0,0,0,0,0.04,0,0,0,0.09,0,0,0.41,0,1.25,0.55,0.02
20080911,9,0.27,0.02,0.51,0,0.85,0,0,0,0,0,0.32,0.45,0.01,1.18,0.12,0.02,1.18
20080912,9,1.35,0,3.75,0,0.7,0.02,0.17,0.56,1.65,0,0,0.15,0,0,1.33,0,0.02
20080913,9,7.11,0,0.09,0,0.01,0,0,1.04,0.14,0,0.22,0.08,0,0,0.41,0,0
20080914,9,0.02,0.7,0,0,0,0,0,0.1,0,0,0.02,0.41,0,0,0.06,0,0
20080915,9,0.02,2.1,0,0,0,0,0.02,0.02,0,0,0,0.71,0.08,0,1.07,0,0
20080916,9,0,0.38,0,0,0,0,0,0,0,0,0,0,0,0,0.51,0,0
20080917,9,0,0,0,0,0,0,0,0,0,0,0,0,0,0,0,0,0
20080918,9,0.04,0,0,0,0,0,0,0,0,0,2.16,0,0,0.1,0,0,0
20080919,9,0,0,0,0,0,0,0,0,0,0.03,0.02,0,0.03,0.14,0,0,0
20080920,9,0,0.01,0,0.42,0,0,0,0,0,0,0,0,0,0,0,0,0
20080921,9,0,0,0,1.11,0,0,0.17,0,0,0,0,0,0,0,0,0,0
20080922,9,0,0,0,0.15,0.01,0.04,0.16,0.17,0,0.05,0,0.4,0,0,0.06,0,0
20080923,9,0,0,0.18,0.21,0.48,0.08,0.83,0.06,1.15,0,0,0,0,0,0.05,0,0
20080924,9,0,0.41,0,0.12,0,0.22,0.08,0,0,0,0,0.11,0,0,0.83,0,0.04
20080925,9,0,0.3,0,0,0,0,0,0.07,0,0,0,0.6,0,0,1.79,0,0
20080926,9,0,0,0,0,0,0.02,0,0,0,0,0,0.03,0,0,0.31,0,0
20080927,9,0,0,0,0,0,0.02,0.01,0,0,0,0,0,0,0,0.05,0,0
20080928,9,0,0,0.02,0,0,0,0,0,0,0,0,0,0,0,0,0,0
20080929,9,0,0,0.42,0.06,0.03,0.06,0.01,0,0,0,0.02,0,0,0,0.05,0,0
20080930,9,0,0,2.16,0.09,0.83,0.58,0.5,0,1.89,1.14,0,0.05,0.66,0,0.05,0.16,0
20090601,6,0,0,0,0.33,0,0,0,0.01,0.25,0,0,0,0,0,0,0,0
20090602,6,0.02,0,0,0,0,0,0,0,0,0,0,0,0,0,0.59,0.69,0
20090603,6,0,0,0,0.03,0,0,0,0,0,0.1,0,0,0.02,0,0.42,0.08,0
20090604,6,0,0,0.02,0.12,0,0,0.09,0.07,0,0.81,0,0,0.35,0,0.07,0.68,0
20090605,6,1.03,0.15,0.01,0,0,0.34,0,1.41,0,0,1.02,0.02,0,1.02,0.06,0.01,0.28
20090606,6,0.52,0,0,0.45,0.81,1.38,0.77,0.1,0.03,0,1.18,0.86,0,0.06,0.8,0,0.22
20090607,6,0.19,0.76,1.09,0,1.64,0.04,0.04,0.68,0.36,0.31,0,2.16,0.01,0,0.46,0,0.1
20090608,6,0.59,0,0.01,0,0,0.5,0.02,0,0.03,0,2.46,0,0,0,0.17,0.05,3.42
20090609,6,0.19,0,0.99,0.7,0.41,0.02,0.06,0,0.09,0.27,0.02,0.05,0,0,0.72,0.27,0.32
20090610,6,0.59,0.01,0.66,0.21,1.24,0.5,0.67,0,1.45,0,0.08,0.33,0.06,0.02,0.58,0.13,0.96
20090611,6,0,0.27,1.03,0.11,0.47,0,0.31,0.72,2.07,2.3,0,0.03,0.03,0,0.78,0,0
20090612,6,0,0.01,0,0.15,0,0,0,0.03,0,2.2,0,0,0.23,0,0.54,1.15,0
20090613,6,0,0,0,0,0,0.08,0,0,0,0,0,0,0,0,0,2.24,0
20090614,6,0.04,0,0.41,0,0.04,0,0,0,0.26,0,0,0.23,0,0,0,2.28,0.08
20090615,6,1.49,0,0.12,2.07,0.28,0.06,1.18,0,0.13,0,0.06,1.72,0,0,0.8,0.02,0.24
20090616,6,0.01,0.1,0.59,0.28,0.23,0,1.34,1.78,0.09,0,0.02,0.24,0,0.54,0.87,0,0.02
20090617,6,0,0,0.03,0,0.02,0,0,0,0,0.06,0,0,0.17,0,0,0,0
20090618,6,0,0,0.01,0,0,0,0,0,0,0,0,1.39,1.83,0,0,0.15,0.12
20090619,6,0.23,0,0.02,0.14,0,0.06,0,0.76,0,0,0.16,1.46,0.16,0.84,3.42,0.23,0.08
20090620,6,0.02,0.23,0.02,0,0.44,0,0.38,3.75,0.03,0,0,0.04,0.24,0,0.47,0,0
20090621,6,0.43,0.2,0.02,0.05,0,0,0,0,0.65,0,0,1.02,0,0,0.39,0.01,0
20090622,6,0,2.7,0,0.04,0,0,0.23,0.1,0,0,0,2.49,0,0,1.16,0,0
20090623,6,0.02,0.51,0,0.23,0,0,0,2.41,0,0,0,4.7,0,0,1.3,0,0
20090624,6,0,0.48,0,1.44,0,0,0,0.57,0,0,0,0.64,0,0,0.8,0,0
20090625,6,0.01,1.62,0,0.26,0,0,0,0.05,0,0,1.36,0.27,0,0.02,0.44,0,0.01
20090626,6,0.36,0.98,0.18,0.02,0,0,0.16,2.57,0,0,0.1,0.56,0,0,0.92,0,0
20090627,6,0.71,0,0,0.01,0.25,0.42,0,0.24,0.19,0,0,0.06,0,0,0.08,0,0
20090628,6,0,0.26,0.12,0,0,0,0,1.4,0,0,0,0,0,0,0.53,0,0
20090629,6,0.14,0.09,0,0,0,0,0,0.31,0,0,0,0,0,0,1,0,0
20090630,6,0,0,0,2.68,0,0,0,0.03,0,0,0,0.21,0,0,0.4,0.02,0
20090701,7,0,0,0,2.16,0,0,0.07,0.06,0,0,0,0,0,0,0.12,0,0
20090702,7,0,0,0,1.31,0,0.46,0,0.01,0,0,0.14,0,0,0.14,1.27,0,0.04
20090703,7,0,0.98,0,0,5.74,0,0,2.37,0.02,0,0,3.77,1.55,0,0.68,0.37,0
20090704,7,0,0,0,0.23,0,0.02,0,0.01,0,0,0.2,0,0.49,0.1,0,0.65,0
20090705,7,0.98,0.06,0,0,0.03,0.04,0,0.89,0.73,0,1.1,0.26,1.87,0.02,0,0,0.04
20090706,7,0.06,0,0.17,0,0.74,0.2,0.49,0.13,0.47,0,0,2.36,0.37,0.02,0.96,0.28,0
20090707,7,0.04,0,1.92,0.18,0.25,0.74,0.06,4.47,0.42,0.12,0,1.22,0.01,0,1.46,1.13,0.1
20090708,7,0.35,0,0.51,0.25,0.7,0.12,0.55,2.01,1.26,0,0,0.29,0.01,0,0,2.25,0
20090709,7,0.11,0,0,0.01,0.14,0,0.18,2.13,0.91,0,0,0.07,0.04,0,0.02,1.96,0
20090710,7,0,0.04,0.41,0.4,0.69,0,0.67,0.2,0.01,0.96,0,0,0.61,0,0.41,0,0
20090711,7,0.01,0,0,0.15,0.05,0.66,1.45,0.01,0.02,0,0,0,0.03,0,0.22,0,0.04
20090712,7,0.11,0,0.65,0.03,0.21,0,0.02,0,0.35,0.5,0,0.35,0,0,0.07,0,0.18
20090713,7,0.08,0,0,0,0,0.16,0.01,0,0,0,0,0,0.48,0,0,0,0.1
20090714,7,3.55,0,0,0.81,0,0.14,0,0,0.12,0,0,0,0,1.54,0,0.11,0
20090715,7,1.07,0,0.03,0,0,0.14,0,0,0,0,0,0.02,1.01,0,0,0,0
20090716,7,0.68,0,0,0,0,0.98,0,0,0,0,0,0,0,0,0.9,0,0.38
20090717,7,0.86,0,0.77,0.82,0.2,0.56,0.52,0.33,0.6,0.35,0.06,2,0,0,2.66,0,0.54
20090718,7,0.03,0.62,0.41,0.44,0.09,0.02,0.09,4.05,0.11,0.19,0,1.77,1.59,0,2.16,0.06,0.12
20090719,7,0,0,0.83,0.21,0.21,0.04,0.59,0,0.79,0.01,0,0,1.74,0,0,0.43,0
20090720,7,0,0,0.15,0,0,0.16,0.1,0,0,0.57,0,0,0.07,0,0,0,0
20090721,7,0,0,0.95,0,0.96,0.06,0.14,0,0.01,0,0,0,0,0,0,0.12,0.1
20090722,7,0.16,0,1.2,0.76,0.65,0,0.08,0,1.82,0.14,0,0,0.42,0,0.23,0,0.86
20090723,7,0.16,0,0.43,0.69,1.62,0.68,1.15,0,0.88,0.19,0,0.74,0,0,0,1.22,1.22
20090724,7,0.32,0.21,0.57,0.18,1.01,0.78,1.25,0.13,0.89,0.04,0,1.89,0.17,0,0.78,0,0.02
20090725,7,0,0,0,0.45,0.18,0,0.2,0.01,0.02,0.03,0,0.75,0.18,0,0.45,0.02,0
20090726,7,0,0,0,0,0,0.46,0,0,0,0,0,0,0,0,0,0,0
20090727,7,0.16,0,0.05,0,0,0.08,0,0,0.03,0.11,0,0.33,0.32,0,0.05,0,0.04
20090728,7,0,0,0.02,0,0,0.14,0,0,0,0,0,0.34,0.42,0,0.16,0,0
20090729,7,0,0,1.17,0,0.35,0.28,0.06,0,0.42,0,0,0,0.81,0,0,0,0
20090730,7,0,0,0.47,0,0,0.22,0,0,0,0.01,0,0,4.04,0,0.46,0.09,0
20090731,7,0,0,0,0,0,0,0,0,0,0,0,0,0.2,0,0.32,0.18,0
20090801,8,0.22,0,0,0,0.04,0.1,0,0,0,0,1.3,0,0,0.78,0,0,0.1
20090802,8,0.58,0,0.99,0.86,0.62,0,0.63,0,1,0.05,0,0.51,1.16,0,0.14,0,0
20090803,8,0.04,0.42,0,0,0,0.04,0,1.83,0,2.9,0,0.47,2.8,0,1.76,0,0
20090804,8,0,0.01,0,0,0,0,0,0.51,0,0,0,0,0.09,0,0.44,0,0
20090805,8,0,0.82,0,0,0,1.2,0,0,0,0,0,0,0,0,0,0,0
20090806,8,0,0,0,0,0,1.66,0,0,0,0,0,0,0,0,0,0,0
20090807,8,0,0,0,0,0.39,0.02,0,0,0.05,0,0.04,0,0,0,0,0,0
20090808,8,3.35,0,0,0,0.04,0,0.06,0,0,0,0,0,0.55,0,1.54,0,0
20090809,8,0.03,0,0,0,0,0,0.05,0,0,0,2.34,0,1.77,0.2,0.59,0,0
20090810,8,3.74,0.52,0.11,1.3,0.1,0,0.8,0.27,0,0.74,0,0.22,0.4,0,1.29,0,0
20090811,8,0,0,0.51,0.01,0.03,0,0.01,0,0.05,0,0,0.15,0.3,0,0.05,0.53,0
20090812,8,0,0,0.49,0.62,2.43,0.4,0.62,0,1.59,0.34,0,0,0,0,0,0,0
20090813,8,0,0.03,0,0,0,0,0,0.69,0.19,0.21,0,1.42,0,0,0.91,1.26,0
20090814,8,0,0.1,0,0,0,0,0,0,0,0.04,0,0,0,0,0.29,0.34,0
20090815,8,0,0,0,0,0,0,0,0,0,0.25,0,0,2.21,0,0,0.16,0
20090816,8,0,0,0,0,0,0,0,0,0,0,0,0,0.04,0,0.79,0.05,0
20090817,8,0.04,0,0,0.47,0,0,0,0,0,0.24,0,0.12,0.11,0,0.43,0.01,0
20090818,8,0,0,0,0,0,0,0,0,0,0,0,0,0,0,0,0.24,0
20090819,8,0,0,0,0,0,0,0,0,0,0,0,0,0,0,0,0,0
20090820,8,0,0,0.14,0,0.31,0,1,0,0.18,0.2,0,0,1.13,0,0,0,0
20090821,8,0.01,0,0,0.42,0,0.18,0.7,0,0,0,0,0.43,0,0,1.16,0.68,0
20090822,8,0,0.94,0,0,0,0,0,2.66,0,0,0,1.33,0,0,1.6,0.9,0
20090823,8,0,0.11,0,0,0,0,0,0,0,0,0,0,0.01,0,0,0.02,0
20090824,8,0,0,0,0,0.06,0,0,0,0.02,0,0,0,0,0,0,0,0.1
20090825,8,0.37,0,0.2,0.04,0.46,0.2,0.25,0,0.57,0.05,1.86,1.04,1.67,0.1,0,0.01,0.02
20090826,8,0.11,0,0,1.28,0,0.08,0,0,0,0,0.04,0,0.44,0,0.39,0.78,0
20090827,8,0,0,0,0,0.01,0,0,0,0,0,0,0,0.05,0,0,0,0
20090828,8,0,0,2.15,0,0,0.08,0,0,0.19,0.11,0,0.01,1.87,0,1.24,0.36,0.08
20090829,8,0,0.03,0.1,0,0,0,0.02,1.72,0,0,0,0,0.01,0,1.25,0,0
20090830,8,0,0,0,0,0,0,0,0,0,0,0,0,0,0,0,0,0
20090831,8,0,0,0,0,0,0,0,0,0,0,0,0,0.99,0,0,0.01,0
20090901,9,0.61,0,0.13,0.02,0.37,0.16,0.56,0,0.6,0.12,0,0.54,0,0.04,0.02,0.1,0.56
20090902,9,0.71,0,0.09,0,0.32,1.24,0.16,0.01,0.03,0,0,1.4,0.17,0.06,1.2,0.03,0.42
20090903,9,0.02,0,0.67,0.31,0.2,0,0.44,0.06,0.68,0.56,0,0.4,1.2,0,0.37,1.27,0.64
20090904,9,1.03,1.21,1.75,0.56,0.23,0,0.98,1.55,0.11,0,0,0.12,0.27,0,5.68,0.06,0.1
20090905,9,0,0,0.13,0.08,0,0,0.24,0.15,0.01,0.4,0,0,0,0,0,0,0
20090906,9,0,0,0,0,0,0,0,0,0,0,0,0,0,0,0,0,0
20090907,9,0,0,0,0,0,0,0,0,0,0,0,0,0.01,0,0,0.01,0
20090908,9,0,0,0,0,0,0,0,0,0,0,0,0,0,0,0,0,0
20090909,9,0,0,0,0,0.08,0,0,0.01,0.11,0.56,0,0,0,0,0,0,0
20090910,9,0,0,0,0,0,0,0.01,0.35,0.04,0,0,0,0,0,0.86,0,0
20090911,9,0,0,0,0,0,0,0,0.53,0,0,0,0.06,0,0,0.9,0,0
20090912,9,0,0,0,0,0.01,0,0,0,0,0.13,0,0,0,0,0.12,0.14,0
20090913,9,0,0,0.03,0.22,0.1,0,0.57,0,0.06,0.06,0,0.29,0,0,2.34,0,0
20090914,9,0.01,0.02,0,0.01,1.23,0.02,1.52,0.86,0.82,0,0,0.29,0,0.12,1.06,0,0
20090915,9,0,0,0.32,0,0,2.16,0.75,0,0.09,0,3.02,0,0,0,0.02,0,0.24
20090916,9,0.33,0,0,0,0,0,0,2.92,0,0,1.78,0.69,0,0,0.51,0,0.52
20090917,9,0.03,1.01,0,0,0,0,0,0,0,0,0.02,0.48,0,0.44,0.32,0,0.42
20090918,9,0,0,0,0,0,0,0,0,0,0,0.78,0.01,0,0,0.31,0,0.02
20090919,9,1.43,0,0,0,0,0,0,0,0.06,0,0.14,0,0,0,0,0,0.02
20090920,9,0.05,0,0,0,0,0,0,0,0,0,0,0,0.25,0,0,0.27,0.02
20090921,9,0,0,0,0,0,0,0,0,0,0,0,0,0.33,0.34,0,0,0.02
20090922,9,0,0,0,0,0,0,0,0,0,0,0,0,0.03,0,0,0,0
20090923,9,0,0,0,0,0.1,0,0.02,0,0.03,0,0,0,0,0,0,0,0
20090924,9,0,0,0,0.01,0.09,0,0.1,0,0.38,0.22,0,0,0,0,0,0.27,0
20090925,9,0,0,0,0,0,0,0,0,0,0,0,0,0,0,0,0,0
20090926,9,0,0,0,0,0,0,0,0,0,0,0,0,0,0,0,0,0
20090927,9,0,0,0,0,0,0,0,0,0,0.06,0,0,0,0.18,0,0.43,0
20090928,9,0,0,0,0,0,0,0,0,0,0.08,0,0,0,0,0,0.63,0
20090929,9,0,0,0.08,1.37,0.05,0,0.1,0,0,0,0,0,0,0,0,0,0
20090930,9,0,0,0.15,0,0.06,0.02,0.03,0,0.01,0,0,0,0.02,0,0.54,0,0